method,track,cell_count,mean_macro_csy,mean_macro_csy_delta,mean_class_0_coverage,mean_class_1_coverage
RACER-C3_frontier_expert_always,random_grouped,20,0.5949894466779847,-0.0018615895090152075,0.9023638059534524,0.8961400339003502
RACER-C3_frontier_expert_always,similarity_cluster,20,0.6011537019539989,-0.006941877297178445,0.8891877027475321,0.9091348689104921
RACER-C3_frontier_expert_always,strict_scaffold,20,0.5507301614957827,0.002097479716229553,0.8835897088020357,0.8950204462969664
RACER-C3_routed,random_grouped,20,0.5968510361869999,0.0,0.9025875598938884,0.8840008864001707
RACER-C3_routed,similarity_cluster,20,0.6080955792511773,0.0,0.8909321138675205,0.9036742467510587
RACER-C3_routed,strict_scaffold,20,0.5507301614957827,0.002097479716229553,0.8835897088020357,0.8950204462969664
RACER-C_v1_no_gate_recomputed,random_grouped,20,0.5968510361869999,0.0,0.9025875598938884,0.8840008864001707
RACER-C_v1_no_gate_recomputed,similarity_cluster,20,0.6080955792511773,0.0,0.8909321138675205,0.9036742467510587
RACER-C_v1_no_gate_recomputed,strict_scaffold,20,0.548632681779553,0.0,0.8793173195485313,0.900756611604905
