endpoint,track,seed,allocation,population,true_class,n,alpha,order_statistic_k,finite_threshold,primary_precision_minimum_35
Tox21_NR_AhR,random_grouped,101,50_10_20_20,full,0,1118,0.1,1008,true,true
Tox21_NR_AhR,random_grouped,101,50_10_20_20,full,1,140,0.1,127,true,true
Tox21_NR_AhR,random_grouped,101,50_10_20_20,selected_floor,0,559,0.1,504,true,true
Tox21_NR_AhR,random_grouped,101,50_10_20_20,selected_floor,1,70,0.1,64,true,true
Tox21_NR_AhR,random_grouped,102,50_10_20_20,full,0,1118,0.1,1008,true,true
Tox21_NR_AhR,random_grouped,102,50_10_20_20,full,1,140,0.1,127,true,true
Tox21_NR_AhR,random_grouped,102,50_10_20_20,selected_floor,0,559,0.1,504,true,true
Tox21_NR_AhR,random_grouped,102,50_10_20_20,selected_floor,1,70,0.1,64,true,true
Tox21_NR_AhR,random_grouped,103,50_10_20_20,full,0,1118,0.1,1008,true,true
Tox21_NR_AhR,random_grouped,103,50_10_20_20,full,1,140,0.1,127,true,true
Tox21_NR_AhR,random_grouped,103,50_10_20_20,selected_floor,0,559,0.1,504,true,true
Tox21_NR_AhR,random_grouped,103,50_10_20_20,selected_floor,1,70,0.1,64,true,true
Tox21_NR_AhR,random_grouped,104,50_10_20_20,full,0,1118,0.1,1008,true,true
Tox21_NR_AhR,random_grouped,104,50_10_20_20,full,1,140,0.1,127,true,true
Tox21_NR_AhR,random_grouped,104,50_10_20_20,selected_floor,0,559,0.1,504,true,true
Tox21_NR_AhR,random_grouped,104,50_10_20_20,selected_floor,1,70,0.1,64,true,true
Tox21_NR_AhR,random_grouped,105,50_10_20_20,full,0,1118,0.1,1008,true,true
Tox21_NR_AhR,random_grouped,105,50_10_20_20,full,1,140,0.1,127,true,true
Tox21_NR_AhR,random_grouped,105,50_10_20_20,selected_floor,0,559,0.1,504,true,true
Tox21_NR_AhR,random_grouped,105,50_10_20_20,selected_floor,1,70,0.1,64,true,true
Tox21_NR_AhR,random_grouped,101,50_15_15_20,full,0,838,0.1,756,true,true
Tox21_NR_AhR,random_grouped,101,50_15_15_20,full,1,105,0.1,96,true,true
Tox21_NR_AhR,random_grouped,101,50_15_15_20,selected_floor,0,419,0.1,378,true,true
Tox21_NR_AhR,random_grouped,101,50_15_15_20,selected_floor,1,52,0.1,48,true,true
Tox21_NR_AhR,random_grouped,102,50_15_15_20,full,0,838,0.1,756,true,true
Tox21_NR_AhR,random_grouped,102,50_15_15_20,full,1,105,0.1,96,true,true
Tox21_NR_AhR,random_grouped,102,50_15_15_20,selected_floor,0,419,0.1,378,true,true
Tox21_NR_AhR,random_grouped,102,50_15_15_20,selected_floor,1,52,0.1,48,true,true
Tox21_NR_AhR,random_grouped,103,50_15_15_20,full,0,838,0.1,756,true,true
Tox21_NR_AhR,random_grouped,103,50_15_15_20,full,1,105,0.1,96,true,true
Tox21_NR_AhR,random_grouped,103,50_15_15_20,selected_floor,0,419,0.1,378,true,true
Tox21_NR_AhR,random_grouped,103,50_15_15_20,selected_floor,1,52,0.1,48,true,true
Tox21_NR_AhR,random_grouped,104,50_15_15_20,full,0,838,0.1,756,true,true
Tox21_NR_AhR,random_grouped,104,50_15_15_20,full,1,105,0.1,96,true,true
Tox21_NR_AhR,random_grouped,104,50_15_15_20,selected_floor,0,419,0.1,378,true,true
Tox21_NR_AhR,random_grouped,104,50_15_15_20,selected_floor,1,52,0.1,48,true,true
Tox21_NR_AhR,random_grouped,105,50_15_15_20,full,0,838,0.1,756,true,true
Tox21_NR_AhR,random_grouped,105,50_15_15_20,full,1,105,0.1,96,true,true
Tox21_NR_AhR,random_grouped,105,50_15_15_20,selected_floor,0,419,0.1,378,true,true
Tox21_NR_AhR,random_grouped,105,50_15_15_20,selected_floor,1,52,0.1,48,true,true
Tox21_NR_AhR,random_grouped,101,55_15_15_15,full,0,838,0.1,756,true,true
Tox21_NR_AhR,random_grouped,101,55_15_15_15,full,1,105,0.1,96,true,true
Tox21_NR_AhR,random_grouped,101,55_15_15_15,selected_floor,0,419,0.1,378,true,true
Tox21_NR_AhR,random_grouped,101,55_15_15_15,selected_floor,1,52,0.1,48,true,true
Tox21_NR_AhR,random_grouped,102,55_15_15_15,full,0,838,0.1,756,true,true
Tox21_NR_AhR,random_grouped,102,55_15_15_15,full,1,105,0.1,96,true,true
Tox21_NR_AhR,random_grouped,102,55_15_15_15,selected_floor,0,419,0.1,378,true,true
Tox21_NR_AhR,random_grouped,102,55_15_15_15,selected_floor,1,52,0.1,48,true,true
Tox21_NR_AhR,random_grouped,103,55_15_15_15,full,0,838,0.1,756,true,true
Tox21_NR_AhR,random_grouped,103,55_15_15_15,full,1,105,0.1,96,true,true
Tox21_NR_AhR,random_grouped,103,55_15_15_15,selected_floor,0,419,0.1,378,true,true
Tox21_NR_AhR,random_grouped,103,55_15_15_15,selected_floor,1,52,0.1,48,true,true
Tox21_NR_AhR,random_grouped,104,55_15_15_15,full,0,838,0.1,756,true,true
Tox21_NR_AhR,random_grouped,104,55_15_15_15,full,1,105,0.1,96,true,true
Tox21_NR_AhR,random_grouped,104,55_15_15_15,selected_floor,0,419,0.1,378,true,true
Tox21_NR_AhR,random_grouped,104,55_15_15_15,selected_floor,1,52,0.1,48,true,true
Tox21_NR_AhR,random_grouped,105,55_15_15_15,full,0,838,0.1,756,true,true
Tox21_NR_AhR,random_grouped,105,55_15_15_15,full,1,105,0.1,96,true,true
Tox21_NR_AhR,random_grouped,105,55_15_15_15,selected_floor,0,419,0.1,378,true,true
Tox21_NR_AhR,random_grouped,105,55_15_15_15,selected_floor,1,52,0.1,48,true,true
Tox21_NR_AhR,random_grouped,101,50_20_15_15,full,0,838,0.1,756,true,true
Tox21_NR_AhR,random_grouped,101,50_20_15_15,full,1,105,0.1,96,true,true
Tox21_NR_AhR,random_grouped,101,50_20_15_15,selected_floor,0,419,0.1,378,true,true
Tox21_NR_AhR,random_grouped,101,50_20_15_15,selected_floor,1,52,0.1,48,true,true
Tox21_NR_AhR,random_grouped,102,50_20_15_15,full,0,838,0.1,756,true,true
Tox21_NR_AhR,random_grouped,102,50_20_15_15,full,1,105,0.1,96,true,true
Tox21_NR_AhR,random_grouped,102,50_20_15_15,selected_floor,0,419,0.1,378,true,true
Tox21_NR_AhR,random_grouped,102,50_20_15_15,selected_floor,1,52,0.1,48,true,true
Tox21_NR_AhR,random_grouped,103,50_20_15_15,full,0,838,0.1,756,true,true
Tox21_NR_AhR,random_grouped,103,50_20_15_15,full,1,105,0.1,96,true,true
Tox21_NR_AhR,random_grouped,103,50_20_15_15,selected_floor,0,419,0.1,378,true,true
Tox21_NR_AhR,random_grouped,103,50_20_15_15,selected_floor,1,52,0.1,48,true,true
Tox21_NR_AhR,random_grouped,104,50_20_15_15,full,0,838,0.1,756,true,true
Tox21_NR_AhR,random_grouped,104,50_20_15_15,full,1,105,0.1,96,true,true
Tox21_NR_AhR,random_grouped,104,50_20_15_15,selected_floor,0,419,0.1,378,true,true
Tox21_NR_AhR,random_grouped,104,50_20_15_15,selected_floor,1,52,0.1,48,true,true
Tox21_NR_AhR,random_grouped,105,50_20_15_15,full,0,838,0.1,756,true,true
Tox21_NR_AhR,random_grouped,105,50_20_15_15,full,1,105,0.1,96,true,true
Tox21_NR_AhR,random_grouped,105,50_20_15_15,selected_floor,0,419,0.1,378,true,true
Tox21_NR_AhR,random_grouped,105,50_20_15_15,selected_floor,1,52,0.1,48,true,true
Tox21_NR_AhR,strict_scaffold,101,50_10_20_20,full,0,1111,0.1,1001,true,true
Tox21_NR_AhR,strict_scaffold,101,50_10_20_20,full,1,147,0.1,134,true,true
Tox21_NR_AhR,strict_scaffold,101,50_10_20_20,selected_floor,0,555,0.1,501,true,true
Tox21_NR_AhR,strict_scaffold,101,50_10_20_20,selected_floor,1,73,0.1,67,true,true
Tox21_NR_AhR,strict_scaffold,102,50_10_20_20,full,0,1113,0.1,1003,true,true
Tox21_NR_AhR,strict_scaffold,102,50_10_20_20,full,1,145,0.1,132,true,true
Tox21_NR_AhR,strict_scaffold,102,50_10_20_20,selected_floor,0,556,0.1,502,true,true
Tox21_NR_AhR,strict_scaffold,102,50_10_20_20,selected_floor,1,72,0.1,66,true,true
Tox21_NR_AhR,strict_scaffold,103,50_10_20_20,full,0,1113,0.1,1003,true,true
Tox21_NR_AhR,strict_scaffold,103,50_10_20_20,full,1,145,0.1,132,true,true
Tox21_NR_AhR,strict_scaffold,103,50_10_20_20,selected_floor,0,556,0.1,502,true,true
Tox21_NR_AhR,strict_scaffold,103,50_10_20_20,selected_floor,1,72,0.1,66,true,true
Tox21_NR_AhR,strict_scaffold,104,50_10_20_20,full,0,1114,0.1,1004,true,true
Tox21_NR_AhR,strict_scaffold,104,50_10_20_20,full,1,144,0.1,131,true,true
Tox21_NR_AhR,strict_scaffold,104,50_10_20_20,selected_floor,0,557,0.1,503,true,true
Tox21_NR_AhR,strict_scaffold,104,50_10_20_20,selected_floor,1,72,0.1,66,true,true
Tox21_NR_AhR,strict_scaffold,105,50_10_20_20,full,0,1116,0.1,1006,true,true
Tox21_NR_AhR,strict_scaffold,105,50_10_20_20,full,1,142,0.1,129,true,true
Tox21_NR_AhR,strict_scaffold,105,50_10_20_20,selected_floor,0,558,0.1,504,true,true
Tox21_NR_AhR,strict_scaffold,105,50_10_20_20,selected_floor,1,71,0.1,65,true,true
Tox21_NR_AhR,strict_scaffold,101,50_15_15_20,full,0,809,0.1,729,true,true
Tox21_NR_AhR,strict_scaffold,101,50_15_15_20,full,1,134,0.1,122,true,true
Tox21_NR_AhR,strict_scaffold,101,50_15_15_20,selected_floor,0,404,0.1,365,true,true
Tox21_NR_AhR,strict_scaffold,101,50_15_15_20,selected_floor,1,67,0.1,62,true,true
Tox21_NR_AhR,strict_scaffold,102,50_15_15_20,full,0,801,0.1,722,true,true
Tox21_NR_AhR,strict_scaffold,102,50_15_15_20,full,1,142,0.1,129,true,true
Tox21_NR_AhR,strict_scaffold,102,50_15_15_20,selected_floor,0,400,0.1,361,true,true
Tox21_NR_AhR,strict_scaffold,102,50_15_15_20,selected_floor,1,71,0.1,65,true,true
Tox21_NR_AhR,strict_scaffold,103,50_15_15_20,full,0,806,0.1,727,true,true
Tox21_NR_AhR,strict_scaffold,103,50_15_15_20,full,1,137,0.1,125,true,true
Tox21_NR_AhR,strict_scaffold,103,50_15_15_20,selected_floor,0,403,0.1,364,true,true
Tox21_NR_AhR,strict_scaffold,103,50_15_15_20,selected_floor,1,68,0.1,63,true,true
Tox21_NR_AhR,strict_scaffold,104,50_15_15_20,full,0,822,0.1,741,true,true
Tox21_NR_AhR,strict_scaffold,104,50_15_15_20,full,1,121,0.1,110,true,true
Tox21_NR_AhR,strict_scaffold,104,50_15_15_20,selected_floor,0,411,0.1,371,true,true
Tox21_NR_AhR,strict_scaffold,104,50_15_15_20,selected_floor,1,60,0.1,55,true,true
Tox21_NR_AhR,strict_scaffold,105,50_15_15_20,full,0,810,0.1,730,true,true
Tox21_NR_AhR,strict_scaffold,105,50_15_15_20,full,1,133,0.1,121,true,true
Tox21_NR_AhR,strict_scaffold,105,50_15_15_20,selected_floor,0,405,0.1,366,true,true
Tox21_NR_AhR,strict_scaffold,105,50_15_15_20,selected_floor,1,66,0.1,61,true,true
Tox21_NR_AhR,strict_scaffold,101,55_15_15_15,full,0,795,0.1,717,true,true
Tox21_NR_AhR,strict_scaffold,101,55_15_15_15,full,1,131,0.1,119,true,true
Tox21_NR_AhR,strict_scaffold,101,55_15_15_15,selected_floor,0,397,0.1,359,true,true
Tox21_NR_AhR,strict_scaffold,101,55_15_15_15,selected_floor,1,65,0.1,60,true,true
Tox21_NR_AhR,strict_scaffold,102,55_15_15_15,full,0,812,0.1,732,true,true
Tox21_NR_AhR,strict_scaffold,102,55_15_15_15,full,1,114,0.1,104,true,true
Tox21_NR_AhR,strict_scaffold,102,55_15_15_15,selected_floor,0,406,0.1,367,true,true
Tox21_NR_AhR,strict_scaffold,102,55_15_15_15,selected_floor,1,57,0.1,53,true,true
Tox21_NR_AhR,strict_scaffold,103,55_15_15_15,full,0,801,0.1,722,true,true
Tox21_NR_AhR,strict_scaffold,103,55_15_15_15,full,1,125,0.1,114,true,true
Tox21_NR_AhR,strict_scaffold,103,55_15_15_15,selected_floor,0,400,0.1,361,true,true
Tox21_NR_AhR,strict_scaffold,103,55_15_15_15,selected_floor,1,62,0.1,57,true,true
Tox21_NR_AhR,strict_scaffold,104,55_15_15_15,full,0,771,0.1,695,true,true
Tox21_NR_AhR,strict_scaffold,104,55_15_15_15,full,1,155,0.1,141,true,true
Tox21_NR_AhR,strict_scaffold,104,55_15_15_15,selected_floor,0,385,0.1,348,true,true
Tox21_NR_AhR,strict_scaffold,104,55_15_15_15,selected_floor,1,77,0.1,71,true,true
Tox21_NR_AhR,strict_scaffold,105,55_15_15_15,full,0,783,0.1,706,true,true
Tox21_NR_AhR,strict_scaffold,105,55_15_15_15,full,1,143,0.1,130,true,true
Tox21_NR_AhR,strict_scaffold,105,55_15_15_15,selected_floor,0,391,0.1,353,true,true
Tox21_NR_AhR,strict_scaffold,105,55_15_15_15,selected_floor,1,71,0.1,65,true,true
Tox21_NR_AhR,strict_scaffold,101,50_20_15_15,full,0,823,0.1,742,true,true
Tox21_NR_AhR,strict_scaffold,101,50_20_15_15,full,1,120,0.1,109,true,true
Tox21_NR_AhR,strict_scaffold,101,50_20_15_15,selected_floor,0,411,0.1,371,true,true
Tox21_NR_AhR,strict_scaffold,101,50_20_15_15,selected_floor,1,60,0.1,55,true,true
Tox21_NR_AhR,strict_scaffold,102,50_20_15_15,full,0,791,0.1,713,true,true
Tox21_NR_AhR,strict_scaffold,102,50_20_15_15,full,1,152,0.1,138,true,true
Tox21_NR_AhR,strict_scaffold,102,50_20_15_15,selected_floor,0,395,0.1,357,true,true
Tox21_NR_AhR,strict_scaffold,102,50_20_15_15,selected_floor,1,76,0.1,70,true,true
Tox21_NR_AhR,strict_scaffold,103,50_20_15_15,full,0,809,0.1,729,true,true
Tox21_NR_AhR,strict_scaffold,103,50_20_15_15,full,1,134,0.1,122,true,true
Tox21_NR_AhR,strict_scaffold,103,50_20_15_15,selected_floor,0,404,0.1,365,true,true
Tox21_NR_AhR,strict_scaffold,103,50_20_15_15,selected_floor,1,67,0.1,62,true,true
Tox21_NR_AhR,strict_scaffold,104,50_20_15_15,full,0,799,0.1,720,true,true
Tox21_NR_AhR,strict_scaffold,104,50_20_15_15,full,1,144,0.1,131,true,true
Tox21_NR_AhR,strict_scaffold,104,50_20_15_15,selected_floor,0,399,0.1,360,true,true
Tox21_NR_AhR,strict_scaffold,104,50_20_15_15,selected_floor,1,72,0.1,66,true,true
Tox21_NR_AhR,strict_scaffold,105,50_20_15_15,full,0,847,0.1,764,true,true
Tox21_NR_AhR,strict_scaffold,105,50_20_15_15,full,1,96,0.1,88,true,true
Tox21_NR_AhR,strict_scaffold,105,50_20_15_15,selected_floor,0,423,0.1,382,true,true
Tox21_NR_AhR,strict_scaffold,105,50_20_15_15,selected_floor,1,48,0.1,45,true,true
Tox21_NR_AhR,similarity_cluster,101,50_10_20_20,full,0,1108,0.1,999,true,true
Tox21_NR_AhR,similarity_cluster,101,50_10_20_20,full,1,150,0.1,136,true,true
Tox21_NR_AhR,similarity_cluster,101,50_10_20_20,selected_floor,0,554,0.1,500,true,true
Tox21_NR_AhR,similarity_cluster,101,50_10_20_20,selected_floor,1,75,0.1,69,true,true
Tox21_NR_AhR,similarity_cluster,102,50_10_20_20,full,0,1136,0.1,1024,true,true
Tox21_NR_AhR,similarity_cluster,102,50_10_20_20,full,1,122,0.1,111,true,true
Tox21_NR_AhR,similarity_cluster,102,50_10_20_20,selected_floor,0,568,0.1,513,true,true
Tox21_NR_AhR,similarity_cluster,102,50_10_20_20,selected_floor,1,61,0.1,56,true,true
Tox21_NR_AhR,similarity_cluster,103,50_10_20_20,full,0,1135,0.1,1023,true,true
Tox21_NR_AhR,similarity_cluster,103,50_10_20_20,full,1,123,0.1,112,true,true
Tox21_NR_AhR,similarity_cluster,103,50_10_20_20,selected_floor,0,567,0.1,512,true,true
Tox21_NR_AhR,similarity_cluster,103,50_10_20_20,selected_floor,1,61,0.1,56,true,true
Tox21_NR_AhR,similarity_cluster,104,50_10_20_20,full,0,1117,0.1,1007,true,true
Tox21_NR_AhR,similarity_cluster,104,50_10_20_20,full,1,141,0.1,128,true,true
Tox21_NR_AhR,similarity_cluster,104,50_10_20_20,selected_floor,0,558,0.1,504,true,true
Tox21_NR_AhR,similarity_cluster,104,50_10_20_20,selected_floor,1,70,0.1,64,true,true
Tox21_NR_AhR,similarity_cluster,105,50_10_20_20,full,0,1109,0.1,999,true,true
Tox21_NR_AhR,similarity_cluster,105,50_10_20_20,full,1,149,0.1,135,true,true
Tox21_NR_AhR,similarity_cluster,105,50_10_20_20,selected_floor,0,554,0.1,500,true,true
Tox21_NR_AhR,similarity_cluster,105,50_10_20_20,selected_floor,1,74,0.1,68,true,true
Tox21_NR_AhR,similarity_cluster,101,50_15_15_20,full,0,858,0.1,774,true,true
Tox21_NR_AhR,similarity_cluster,101,50_15_15_20,full,1,85,0.1,78,true,true
Tox21_NR_AhR,similarity_cluster,101,50_15_15_20,selected_floor,0,429,0.1,387,true,true
Tox21_NR_AhR,similarity_cluster,101,50_15_15_20,selected_floor,1,42,0.1,39,true,true
Tox21_NR_AhR,similarity_cluster,102,50_15_15_20,full,0,858,0.1,774,true,true
Tox21_NR_AhR,similarity_cluster,102,50_15_15_20,full,1,85,0.1,78,true,true
Tox21_NR_AhR,similarity_cluster,102,50_15_15_20,selected_floor,0,429,0.1,387,true,true
Tox21_NR_AhR,similarity_cluster,102,50_15_15_20,selected_floor,1,42,0.1,39,true,true
Tox21_NR_AhR,similarity_cluster,103,50_15_15_20,full,0,859,0.1,774,true,true
Tox21_NR_AhR,similarity_cluster,103,50_15_15_20,full,1,84,0.1,77,true,true
Tox21_NR_AhR,similarity_cluster,103,50_15_15_20,selected_floor,0,429,0.1,387,true,true
Tox21_NR_AhR,similarity_cluster,103,50_15_15_20,selected_floor,1,42,0.1,39,true,true
Tox21_NR_AhR,similarity_cluster,104,50_15_15_20,full,0,868,0.1,783,true,true
Tox21_NR_AhR,similarity_cluster,104,50_15_15_20,full,1,75,0.1,69,true,true
Tox21_NR_AhR,similarity_cluster,104,50_15_15_20,selected_floor,0,434,0.1,392,true,true
Tox21_NR_AhR,similarity_cluster,104,50_15_15_20,selected_floor,1,37,0.1,35,true,true
Tox21_NR_AhR,similarity_cluster,105,50_15_15_20,full,0,848,0.1,765,true,true
Tox21_NR_AhR,similarity_cluster,105,50_15_15_20,full,1,95,0.1,87,true,true
Tox21_NR_AhR,similarity_cluster,105,50_15_15_20,selected_floor,0,424,0.1,383,true,true
Tox21_NR_AhR,similarity_cluster,105,50_15_15_20,selected_floor,1,47,0.1,44,true,true
Tox21_NR_AhR,similarity_cluster,101,55_15_15_15,full,0,851,0.1,767,true,true
Tox21_NR_AhR,similarity_cluster,101,55_15_15_15,full,1,92,0.1,84,true,true
Tox21_NR_AhR,similarity_cluster,101,55_15_15_15,selected_floor,0,425,0.1,384,true,true
Tox21_NR_AhR,similarity_cluster,101,55_15_15_15,selected_floor,1,46,0.1,43,true,true
Tox21_NR_AhR,similarity_cluster,102,55_15_15_15,full,0,857,0.1,773,true,true
Tox21_NR_AhR,similarity_cluster,102,55_15_15_15,full,1,86,0.1,79,true,true
Tox21_NR_AhR,similarity_cluster,102,55_15_15_15,selected_floor,0,428,0.1,387,true,true
Tox21_NR_AhR,similarity_cluster,102,55_15_15_15,selected_floor,1,43,0.1,40,true,true
Tox21_NR_AhR,similarity_cluster,103,55_15_15_15,full,0,853,0.1,769,true,true
Tox21_NR_AhR,similarity_cluster,103,55_15_15_15,full,1,90,0.1,82,true,true
Tox21_NR_AhR,similarity_cluster,103,55_15_15_15,selected_floor,0,426,0.1,385,true,true
Tox21_NR_AhR,similarity_cluster,103,55_15_15_15,selected_floor,1,45,0.1,42,true,true
Tox21_NR_AhR,similarity_cluster,104,55_15_15_15,full,0,850,0.1,766,true,true
Tox21_NR_AhR,similarity_cluster,104,55_15_15_15,full,1,93,0.1,85,true,true
Tox21_NR_AhR,similarity_cluster,104,55_15_15_15,selected_floor,0,425,0.1,384,true,true
Tox21_NR_AhR,similarity_cluster,104,55_15_15_15,selected_floor,1,46,0.1,43,true,true
Tox21_NR_AhR,similarity_cluster,105,55_15_15_15,full,0,840,0.1,757,true,true
Tox21_NR_AhR,similarity_cluster,105,55_15_15_15,full,1,103,0.1,94,true,true
Tox21_NR_AhR,similarity_cluster,105,55_15_15_15,selected_floor,0,420,0.1,379,true,true
Tox21_NR_AhR,similarity_cluster,105,55_15_15_15,selected_floor,1,51,0.1,47,true,true
Tox21_NR_AhR,similarity_cluster,101,50_20_15_15,full,0,843,0.1,760,true,true
Tox21_NR_AhR,similarity_cluster,101,50_20_15_15,full,1,100,0.1,91,true,true
Tox21_NR_AhR,similarity_cluster,101,50_20_15_15,selected_floor,0,421,0.1,380,true,true
Tox21_NR_AhR,similarity_cluster,101,50_20_15_15,selected_floor,1,50,0.1,46,true,true
Tox21_NR_AhR,similarity_cluster,102,50_20_15_15,full,0,842,0.1,759,true,true
Tox21_NR_AhR,similarity_cluster,102,50_20_15_15,full,1,101,0.1,92,true,true
Tox21_NR_AhR,similarity_cluster,102,50_20_15_15,selected_floor,0,421,0.1,380,true,true
Tox21_NR_AhR,similarity_cluster,102,50_20_15_15,selected_floor,1,50,0.1,46,true,true
Tox21_NR_AhR,similarity_cluster,103,50_20_15_15,full,0,861,0.1,776,true,true
Tox21_NR_AhR,similarity_cluster,103,50_20_15_15,full,1,82,0.1,75,true,true
Tox21_NR_AhR,similarity_cluster,103,50_20_15_15,selected_floor,0,430,0.1,388,true,true
Tox21_NR_AhR,similarity_cluster,103,50_20_15_15,selected_floor,1,41,0.1,38,true,true
Tox21_NR_AhR,similarity_cluster,104,50_20_15_15,full,0,848,0.1,765,true,true
Tox21_NR_AhR,similarity_cluster,104,50_20_15_15,full,1,95,0.1,87,true,true
Tox21_NR_AhR,similarity_cluster,104,50_20_15_15,selected_floor,0,424,0.1,383,true,true
Tox21_NR_AhR,similarity_cluster,104,50_20_15_15,selected_floor,1,47,0.1,44,true,true
Tox21_NR_AhR,similarity_cluster,105,50_20_15_15,full,0,865,0.1,780,true,true
Tox21_NR_AhR,similarity_cluster,105,50_20_15_15,full,1,78,0.1,72,true,true
Tox21_NR_AhR,similarity_cluster,105,50_20_15_15,selected_floor,0,432,0.1,390,true,true
Tox21_NR_AhR,similarity_cluster,105,50_20_15_15,selected_floor,1,39,0.1,36,true,true
Tox21_NR_ER,random_grouped,101,50_10_20_20,full,0,1046,0.1,943,true,true
Tox21_NR_ER,random_grouped,101,50_10_20_20,full,1,125,0.1,114,true,true
Tox21_NR_ER,random_grouped,101,50_10_20_20,selected_floor,0,523,0.1,472,true,true
Tox21_NR_ER,random_grouped,101,50_10_20_20,selected_floor,1,62,0.1,57,true,true
Tox21_NR_ER,random_grouped,102,50_10_20_20,full,0,1046,0.1,943,true,true
Tox21_NR_ER,random_grouped,102,50_10_20_20,full,1,125,0.1,114,true,true
Tox21_NR_ER,random_grouped,102,50_10_20_20,selected_floor,0,523,0.1,472,true,true
Tox21_NR_ER,random_grouped,102,50_10_20_20,selected_floor,1,62,0.1,57,true,true
Tox21_NR_ER,random_grouped,103,50_10_20_20,full,0,1046,0.1,943,true,true
Tox21_NR_ER,random_grouped,103,50_10_20_20,full,1,125,0.1,114,true,true
Tox21_NR_ER,random_grouped,103,50_10_20_20,selected_floor,0,523,0.1,472,true,true
Tox21_NR_ER,random_grouped,103,50_10_20_20,selected_floor,1,62,0.1,57,true,true
Tox21_NR_ER,random_grouped,104,50_10_20_20,full,0,1046,0.1,943,true,true
Tox21_NR_ER,random_grouped,104,50_10_20_20,full,1,125,0.1,114,true,true
Tox21_NR_ER,random_grouped,104,50_10_20_20,selected_floor,0,523,0.1,472,true,true
Tox21_NR_ER,random_grouped,104,50_10_20_20,selected_floor,1,62,0.1,57,true,true
Tox21_NR_ER,random_grouped,105,50_10_20_20,full,0,1046,0.1,943,true,true
Tox21_NR_ER,random_grouped,105,50_10_20_20,full,1,125,0.1,114,true,true
Tox21_NR_ER,random_grouped,105,50_10_20_20,selected_floor,0,523,0.1,472,true,true
Tox21_NR_ER,random_grouped,105,50_10_20_20,selected_floor,1,62,0.1,57,true,true
Tox21_NR_ER,random_grouped,101,50_15_15_20,full,0,784,0.1,707,true,true
Tox21_NR_ER,random_grouped,101,50_15_15_20,full,1,94,0.1,86,true,true
Tox21_NR_ER,random_grouped,101,50_15_15_20,selected_floor,0,392,0.1,354,true,true
Tox21_NR_ER,random_grouped,101,50_15_15_20,selected_floor,1,47,0.1,44,true,true
Tox21_NR_ER,random_grouped,102,50_15_15_20,full,0,784,0.1,707,true,true
Tox21_NR_ER,random_grouped,102,50_15_15_20,full,1,94,0.1,86,true,true
Tox21_NR_ER,random_grouped,102,50_15_15_20,selected_floor,0,392,0.1,354,true,true
Tox21_NR_ER,random_grouped,102,50_15_15_20,selected_floor,1,47,0.1,44,true,true
Tox21_NR_ER,random_grouped,103,50_15_15_20,full,0,784,0.1,707,true,true
Tox21_NR_ER,random_grouped,103,50_15_15_20,full,1,94,0.1,86,true,true
Tox21_NR_ER,random_grouped,103,50_15_15_20,selected_floor,0,392,0.1,354,true,true
Tox21_NR_ER,random_grouped,103,50_15_15_20,selected_floor,1,47,0.1,44,true,true
Tox21_NR_ER,random_grouped,104,50_15_15_20,full,0,784,0.1,707,true,true
Tox21_NR_ER,random_grouped,104,50_15_15_20,full,1,94,0.1,86,true,true
Tox21_NR_ER,random_grouped,104,50_15_15_20,selected_floor,0,392,0.1,354,true,true
Tox21_NR_ER,random_grouped,104,50_15_15_20,selected_floor,1,47,0.1,44,true,true
Tox21_NR_ER,random_grouped,105,50_15_15_20,full,0,784,0.1,707,true,true
Tox21_NR_ER,random_grouped,105,50_15_15_20,full,1,94,0.1,86,true,true
Tox21_NR_ER,random_grouped,105,50_15_15_20,selected_floor,0,392,0.1,354,true,true
Tox21_NR_ER,random_grouped,105,50_15_15_20,selected_floor,1,47,0.1,44,true,true
Tox21_NR_ER,random_grouped,101,55_15_15_15,full,0,784,0.1,707,true,true
Tox21_NR_ER,random_grouped,101,55_15_15_15,full,1,94,0.1,86,true,true
Tox21_NR_ER,random_grouped,101,55_15_15_15,selected_floor,0,392,0.1,354,true,true
Tox21_NR_ER,random_grouped,101,55_15_15_15,selected_floor,1,47,0.1,44,true,true
Tox21_NR_ER,random_grouped,102,55_15_15_15,full,0,784,0.1,707,true,true
Tox21_NR_ER,random_grouped,102,55_15_15_15,full,1,94,0.1,86,true,true
Tox21_NR_ER,random_grouped,102,55_15_15_15,selected_floor,0,392,0.1,354,true,true
Tox21_NR_ER,random_grouped,102,55_15_15_15,selected_floor,1,47,0.1,44,true,true
Tox21_NR_ER,random_grouped,103,55_15_15_15,full,0,784,0.1,707,true,true
Tox21_NR_ER,random_grouped,103,55_15_15_15,full,1,94,0.1,86,true,true
Tox21_NR_ER,random_grouped,103,55_15_15_15,selected_floor,0,392,0.1,354,true,true
Tox21_NR_ER,random_grouped,103,55_15_15_15,selected_floor,1,47,0.1,44,true,true
Tox21_NR_ER,random_grouped,104,55_15_15_15,full,0,784,0.1,707,true,true
Tox21_NR_ER,random_grouped,104,55_15_15_15,full,1,94,0.1,86,true,true
Tox21_NR_ER,random_grouped,104,55_15_15_15,selected_floor,0,392,0.1,354,true,true
Tox21_NR_ER,random_grouped,104,55_15_15_15,selected_floor,1,47,0.1,44,true,true
Tox21_NR_ER,random_grouped,105,55_15_15_15,full,0,784,0.1,707,true,true
Tox21_NR_ER,random_grouped,105,55_15_15_15,full,1,94,0.1,86,true,true
Tox21_NR_ER,random_grouped,105,55_15_15_15,selected_floor,0,392,0.1,354,true,true
Tox21_NR_ER,random_grouped,105,55_15_15_15,selected_floor,1,47,0.1,44,true,true
Tox21_NR_ER,random_grouped,101,50_20_15_15,full,0,784,0.1,707,true,true
Tox21_NR_ER,random_grouped,101,50_20_15_15,full,1,94,0.1,86,true,true
Tox21_NR_ER,random_grouped,101,50_20_15_15,selected_floor,0,392,0.1,354,true,true
Tox21_NR_ER,random_grouped,101,50_20_15_15,selected_floor,1,47,0.1,44,true,true
Tox21_NR_ER,random_grouped,102,50_20_15_15,full,0,784,0.1,707,true,true
Tox21_NR_ER,random_grouped,102,50_20_15_15,full,1,94,0.1,86,true,true
Tox21_NR_ER,random_grouped,102,50_20_15_15,selected_floor,0,392,0.1,354,true,true
Tox21_NR_ER,random_grouped,102,50_20_15_15,selected_floor,1,47,0.1,44,true,true
Tox21_NR_ER,random_grouped,103,50_20_15_15,full,0,784,0.1,707,true,true
Tox21_NR_ER,random_grouped,103,50_20_15_15,full,1,94,0.1,86,true,true
Tox21_NR_ER,random_grouped,103,50_20_15_15,selected_floor,0,392,0.1,354,true,true
Tox21_NR_ER,random_grouped,103,50_20_15_15,selected_floor,1,47,0.1,44,true,true
Tox21_NR_ER,random_grouped,104,50_20_15_15,full,0,784,0.1,707,true,true
Tox21_NR_ER,random_grouped,104,50_20_15_15,full,1,94,0.1,86,true,true
Tox21_NR_ER,random_grouped,104,50_20_15_15,selected_floor,0,392,0.1,354,true,true
Tox21_NR_ER,random_grouped,104,50_20_15_15,selected_floor,1,47,0.1,44,true,true
Tox21_NR_ER,random_grouped,105,50_20_15_15,full,0,784,0.1,707,true,true
Tox21_NR_ER,random_grouped,105,50_20_15_15,full,1,94,0.1,86,true,true
Tox21_NR_ER,random_grouped,105,50_20_15_15,selected_floor,0,392,0.1,354,true,true
Tox21_NR_ER,random_grouped,105,50_20_15_15,selected_floor,1,47,0.1,44,true,true
Tox21_NR_ER,strict_scaffold,101,50_10_20_20,full,0,1067,0.1,962,true,true
Tox21_NR_ER,strict_scaffold,101,50_10_20_20,full,1,104,0.1,95,true,true
Tox21_NR_ER,strict_scaffold,101,50_10_20_20,selected_floor,0,533,0.1,481,true,true
Tox21_NR_ER,strict_scaffold,101,50_10_20_20,selected_floor,1,52,0.1,48,true,true
Tox21_NR_ER,strict_scaffold,102,50_10_20_20,full,0,1067,0.1,962,true,true
Tox21_NR_ER,strict_scaffold,102,50_10_20_20,full,1,104,0.1,95,true,true
Tox21_NR_ER,strict_scaffold,102,50_10_20_20,selected_floor,0,533,0.1,481,true,true
Tox21_NR_ER,strict_scaffold,102,50_10_20_20,selected_floor,1,52,0.1,48,true,true
Tox21_NR_ER,strict_scaffold,103,50_10_20_20,full,0,1067,0.1,962,true,true
Tox21_NR_ER,strict_scaffold,103,50_10_20_20,full,1,104,0.1,95,true,true
Tox21_NR_ER,strict_scaffold,103,50_10_20_20,selected_floor,0,533,0.1,481,true,true
Tox21_NR_ER,strict_scaffold,103,50_10_20_20,selected_floor,1,52,0.1,48,true,true
Tox21_NR_ER,strict_scaffold,104,50_10_20_20,full,0,1066,0.1,961,true,true
Tox21_NR_ER,strict_scaffold,104,50_10_20_20,full,1,105,0.1,96,true,true
Tox21_NR_ER,strict_scaffold,104,50_10_20_20,selected_floor,0,533,0.1,481,true,true
Tox21_NR_ER,strict_scaffold,104,50_10_20_20,selected_floor,1,52,0.1,48,true,true
Tox21_NR_ER,strict_scaffold,105,50_10_20_20,full,0,1066,0.1,961,true,true
Tox21_NR_ER,strict_scaffold,105,50_10_20_20,full,1,105,0.1,96,true,true
Tox21_NR_ER,strict_scaffold,105,50_10_20_20,selected_floor,0,533,0.1,481,true,true
Tox21_NR_ER,strict_scaffold,105,50_10_20_20,selected_floor,1,52,0.1,48,true,true
Tox21_NR_ER,strict_scaffold,101,50_15_15_20,full,0,723,0.1,652,true,true
Tox21_NR_ER,strict_scaffold,101,50_15_15_20,full,1,155,0.1,141,true,true
Tox21_NR_ER,strict_scaffold,101,50_15_15_20,selected_floor,0,361,0.1,326,true,true
Tox21_NR_ER,strict_scaffold,101,50_15_15_20,selected_floor,1,77,0.1,71,true,true
Tox21_NR_ER,strict_scaffold,102,50_15_15_20,full,0,757,0.1,683,true,true
Tox21_NR_ER,strict_scaffold,102,50_15_15_20,full,1,121,0.1,110,true,true
Tox21_NR_ER,strict_scaffold,102,50_15_15_20,selected_floor,0,378,0.1,342,true,true
Tox21_NR_ER,strict_scaffold,102,50_15_15_20,selected_floor,1,60,0.1,55,true,true
Tox21_NR_ER,strict_scaffold,103,50_15_15_20,full,0,752,0.1,678,true,true
Tox21_NR_ER,strict_scaffold,103,50_15_15_20,full,1,126,0.1,115,true,true
Tox21_NR_ER,strict_scaffold,103,50_15_15_20,selected_floor,0,376,0.1,340,true,true
Tox21_NR_ER,strict_scaffold,103,50_15_15_20,selected_floor,1,63,0.1,58,true,true
Tox21_NR_ER,strict_scaffold,104,50_15_15_20,full,0,758,0.1,684,true,true
Tox21_NR_ER,strict_scaffold,104,50_15_15_20,full,1,120,0.1,109,true,true
Tox21_NR_ER,strict_scaffold,104,50_15_15_20,selected_floor,0,379,0.1,342,true,true
Tox21_NR_ER,strict_scaffold,104,50_15_15_20,selected_floor,1,60,0.1,55,true,true
Tox21_NR_ER,strict_scaffold,105,50_15_15_20,full,0,766,0.1,691,true,true
Tox21_NR_ER,strict_scaffold,105,50_15_15_20,full,1,112,0.1,102,true,true
Tox21_NR_ER,strict_scaffold,105,50_15_15_20,selected_floor,0,383,0.1,346,true,true
Tox21_NR_ER,strict_scaffold,105,50_15_15_20,selected_floor,1,56,0.1,52,true,true
Tox21_NR_ER,strict_scaffold,101,55_15_15_15,full,0,745,0.1,672,true,true
Tox21_NR_ER,strict_scaffold,101,55_15_15_15,full,1,115,0.1,105,true,true
Tox21_NR_ER,strict_scaffold,101,55_15_15_15,selected_floor,0,372,0.1,336,true,true
Tox21_NR_ER,strict_scaffold,101,55_15_15_15,selected_floor,1,57,0.1,53,true,true
Tox21_NR_ER,strict_scaffold,102,55_15_15_15,full,0,707,0.1,638,true,true
Tox21_NR_ER,strict_scaffold,102,55_15_15_15,full,1,153,0.1,139,true,true
Tox21_NR_ER,strict_scaffold,102,55_15_15_15,selected_floor,0,353,0.1,319,true,true
Tox21_NR_ER,strict_scaffold,102,55_15_15_15,selected_floor,1,76,0.1,70,true,true
Tox21_NR_ER,strict_scaffold,103,55_15_15_15,full,0,721,0.1,650,true,true
Tox21_NR_ER,strict_scaffold,103,55_15_15_15,full,1,139,0.1,126,true,true
Tox21_NR_ER,strict_scaffold,103,55_15_15_15,selected_floor,0,360,0.1,325,true,true
Tox21_NR_ER,strict_scaffold,103,55_15_15_15,selected_floor,1,69,0.1,63,true,true
Tox21_NR_ER,strict_scaffold,104,55_15_15_15,full,0,710,0.1,640,true,true
Tox21_NR_ER,strict_scaffold,104,55_15_15_15,full,1,150,0.1,136,true,true
Tox21_NR_ER,strict_scaffold,104,55_15_15_15,selected_floor,0,355,0.1,321,true,true
Tox21_NR_ER,strict_scaffold,104,55_15_15_15,selected_floor,1,75,0.1,69,true,true
Tox21_NR_ER,strict_scaffold,105,55_15_15_15,full,0,723,0.1,652,true,true
Tox21_NR_ER,strict_scaffold,105,55_15_15_15,full,1,137,0.1,125,true,true
Tox21_NR_ER,strict_scaffold,105,55_15_15_15,selected_floor,0,361,0.1,326,true,true
Tox21_NR_ER,strict_scaffold,105,55_15_15_15,selected_floor,1,68,0.1,63,true,true
Tox21_NR_ER,strict_scaffold,101,50_20_15_15,full,0,762,0.1,687,true,true
Tox21_NR_ER,strict_scaffold,101,50_20_15_15,full,1,116,0.1,106,true,true
Tox21_NR_ER,strict_scaffold,101,50_20_15_15,selected_floor,0,381,0.1,344,true,true
Tox21_NR_ER,strict_scaffold,101,50_20_15_15,selected_floor,1,58,0.1,54,true,true
Tox21_NR_ER,strict_scaffold,102,50_20_15_15,full,0,739,0.1,666,true,true
Tox21_NR_ER,strict_scaffold,102,50_20_15_15,full,1,139,0.1,126,true,true
Tox21_NR_ER,strict_scaffold,102,50_20_15_15,selected_floor,0,369,0.1,333,true,true
Tox21_NR_ER,strict_scaffold,102,50_20_15_15,selected_floor,1,69,0.1,63,true,true
Tox21_NR_ER,strict_scaffold,103,50_20_15_15,full,0,752,0.1,678,true,true
Tox21_NR_ER,strict_scaffold,103,50_20_15_15,full,1,126,0.1,115,true,true
Tox21_NR_ER,strict_scaffold,103,50_20_15_15,selected_floor,0,376,0.1,340,true,true
Tox21_NR_ER,strict_scaffold,103,50_20_15_15,selected_floor,1,63,0.1,58,true,true
Tox21_NR_ER,strict_scaffold,104,50_20_15_15,full,0,726,0.1,655,true,true
Tox21_NR_ER,strict_scaffold,104,50_20_15_15,full,1,152,0.1,138,true,true
Tox21_NR_ER,strict_scaffold,104,50_20_15_15,selected_floor,0,363,0.1,328,true,true
Tox21_NR_ER,strict_scaffold,104,50_20_15_15,selected_floor,1,76,0.1,70,true,true
Tox21_NR_ER,strict_scaffold,105,50_20_15_15,full,0,733,0.1,661,true,true
Tox21_NR_ER,strict_scaffold,105,50_20_15_15,full,1,145,0.1,132,true,true
Tox21_NR_ER,strict_scaffold,105,50_20_15_15,selected_floor,0,366,0.1,331,true,true
Tox21_NR_ER,strict_scaffold,105,50_20_15_15,selected_floor,1,72,0.1,66,true,true
Tox21_NR_ER,similarity_cluster,101,50_10_20_20,full,0,1049,0.1,945,true,true
Tox21_NR_ER,similarity_cluster,101,50_10_20_20,full,1,122,0.1,111,true,true
Tox21_NR_ER,similarity_cluster,101,50_10_20_20,selected_floor,0,524,0.1,473,true,true
Tox21_NR_ER,similarity_cluster,101,50_10_20_20,selected_floor,1,61,0.1,56,true,true
Tox21_NR_ER,similarity_cluster,102,50_10_20_20,full,0,1047,0.1,944,true,true
Tox21_NR_ER,similarity_cluster,102,50_10_20_20,full,1,124,0.1,113,true,true
Tox21_NR_ER,similarity_cluster,102,50_10_20_20,selected_floor,0,523,0.1,472,true,true
Tox21_NR_ER,similarity_cluster,102,50_10_20_20,selected_floor,1,62,0.1,57,true,true
Tox21_NR_ER,similarity_cluster,103,50_10_20_20,full,0,1028,0.1,927,true,true
Tox21_NR_ER,similarity_cluster,103,50_10_20_20,full,1,143,0.1,130,true,true
Tox21_NR_ER,similarity_cluster,103,50_10_20_20,selected_floor,0,514,0.1,464,true,true
Tox21_NR_ER,similarity_cluster,103,50_10_20_20,selected_floor,1,71,0.1,65,true,true
Tox21_NR_ER,similarity_cluster,104,50_10_20_20,full,0,1042,0.1,939,true,true
Tox21_NR_ER,similarity_cluster,104,50_10_20_20,full,1,129,0.1,117,true,true
Tox21_NR_ER,similarity_cluster,104,50_10_20_20,selected_floor,0,521,0.1,470,true,true
Tox21_NR_ER,similarity_cluster,104,50_10_20_20,selected_floor,1,64,0.1,59,true,true
Tox21_NR_ER,similarity_cluster,105,50_10_20_20,full,0,1033,0.1,931,true,true
Tox21_NR_ER,similarity_cluster,105,50_10_20_20,full,1,138,0.1,126,true,true
Tox21_NR_ER,similarity_cluster,105,50_10_20_20,selected_floor,0,516,0.1,466,true,true
Tox21_NR_ER,similarity_cluster,105,50_10_20_20,selected_floor,1,69,0.1,63,true,true
Tox21_NR_ER,similarity_cluster,101,50_15_15_20,full,0,787,0.1,710,true,true
Tox21_NR_ER,similarity_cluster,101,50_15_15_20,full,1,91,0.1,83,true,true
Tox21_NR_ER,similarity_cluster,101,50_15_15_20,selected_floor,0,393,0.1,355,true,true
Tox21_NR_ER,similarity_cluster,101,50_15_15_20,selected_floor,1,45,0.1,42,true,true
Tox21_NR_ER,similarity_cluster,102,50_15_15_20,full,0,795,0.1,717,true,true
Tox21_NR_ER,similarity_cluster,102,50_15_15_20,full,1,83,0.1,76,true,true
Tox21_NR_ER,similarity_cluster,102,50_15_15_20,selected_floor,0,397,0.1,359,true,true
Tox21_NR_ER,similarity_cluster,102,50_15_15_20,selected_floor,1,41,0.1,38,true,true
Tox21_NR_ER,similarity_cluster,103,50_15_15_20,full,0,797,0.1,719,true,true
Tox21_NR_ER,similarity_cluster,103,50_15_15_20,full,1,81,0.1,74,true,true
Tox21_NR_ER,similarity_cluster,103,50_15_15_20,selected_floor,0,398,0.1,360,true,true
Tox21_NR_ER,similarity_cluster,103,50_15_15_20,selected_floor,1,40,0.1,37,true,true
Tox21_NR_ER,similarity_cluster,104,50_15_15_20,full,0,789,0.1,711,true,true
Tox21_NR_ER,similarity_cluster,104,50_15_15_20,full,1,89,0.1,81,true,true
Tox21_NR_ER,similarity_cluster,104,50_15_15_20,selected_floor,0,394,0.1,356,true,true
Tox21_NR_ER,similarity_cluster,104,50_15_15_20,selected_floor,1,44,0.1,41,true,true
Tox21_NR_ER,similarity_cluster,105,50_15_15_20,full,0,770,0.1,694,true,true
Tox21_NR_ER,similarity_cluster,105,50_15_15_20,full,1,108,0.1,99,true,true
Tox21_NR_ER,similarity_cluster,105,50_15_15_20,selected_floor,0,385,0.1,348,true,true
Tox21_NR_ER,similarity_cluster,105,50_15_15_20,selected_floor,1,54,0.1,50,true,true
Tox21_NR_ER,similarity_cluster,101,55_15_15_15,full,0,767,0.1,692,true,true
Tox21_NR_ER,similarity_cluster,101,55_15_15_15,full,1,111,0.1,101,true,true
Tox21_NR_ER,similarity_cluster,101,55_15_15_15,selected_floor,0,383,0.1,346,true,true
Tox21_NR_ER,similarity_cluster,101,55_15_15_15,selected_floor,1,55,0.1,51,true,true
Tox21_NR_ER,similarity_cluster,102,55_15_15_15,full,0,776,0.1,700,true,true
Tox21_NR_ER,similarity_cluster,102,55_15_15_15,full,1,102,0.1,93,true,true
Tox21_NR_ER,similarity_cluster,102,55_15_15_15,selected_floor,0,388,0.1,351,true,true
Tox21_NR_ER,similarity_cluster,102,55_15_15_15,selected_floor,1,51,0.1,47,true,true
Tox21_NR_ER,similarity_cluster,103,55_15_15_15,full,0,785,0.1,708,true,true
Tox21_NR_ER,similarity_cluster,103,55_15_15_15,full,1,93,0.1,85,true,true
Tox21_NR_ER,similarity_cluster,103,55_15_15_15,selected_floor,0,392,0.1,354,true,true
Tox21_NR_ER,similarity_cluster,103,55_15_15_15,selected_floor,1,46,0.1,43,true,true
Tox21_NR_ER,similarity_cluster,104,55_15_15_15,full,0,775,0.1,699,true,true
Tox21_NR_ER,similarity_cluster,104,55_15_15_15,full,1,103,0.1,94,true,true
Tox21_NR_ER,similarity_cluster,104,55_15_15_15,selected_floor,0,387,0.1,350,true,true
Tox21_NR_ER,similarity_cluster,104,55_15_15_15,selected_floor,1,51,0.1,47,true,true
Tox21_NR_ER,similarity_cluster,105,55_15_15_15,full,0,781,0.1,704,true,true
Tox21_NR_ER,similarity_cluster,105,55_15_15_15,full,1,97,0.1,89,true,true
Tox21_NR_ER,similarity_cluster,105,55_15_15_15,selected_floor,0,390,0.1,352,true,true
Tox21_NR_ER,similarity_cluster,105,55_15_15_15,selected_floor,1,48,0.1,45,true,true
Tox21_NR_ER,similarity_cluster,101,50_20_15_15,full,0,785,0.1,708,true,true
Tox21_NR_ER,similarity_cluster,101,50_20_15_15,full,1,93,0.1,85,true,true
Tox21_NR_ER,similarity_cluster,101,50_20_15_15,selected_floor,0,392,0.1,354,true,true
Tox21_NR_ER,similarity_cluster,101,50_20_15_15,selected_floor,1,46,0.1,43,true,true
Tox21_NR_ER,similarity_cluster,102,50_20_15_15,full,0,781,0.1,704,true,true
Tox21_NR_ER,similarity_cluster,102,50_20_15_15,full,1,97,0.1,89,true,true
Tox21_NR_ER,similarity_cluster,102,50_20_15_15,selected_floor,0,390,0.1,352,true,true
Tox21_NR_ER,similarity_cluster,102,50_20_15_15,selected_floor,1,48,0.1,45,true,true
Tox21_NR_ER,similarity_cluster,103,50_20_15_15,full,0,773,0.1,697,true,true
Tox21_NR_ER,similarity_cluster,103,50_20_15_15,full,1,105,0.1,96,true,true
Tox21_NR_ER,similarity_cluster,103,50_20_15_15,selected_floor,0,386,0.1,349,true,true
Tox21_NR_ER,similarity_cluster,103,50_20_15_15,selected_floor,1,52,0.1,48,true,true
Tox21_NR_ER,similarity_cluster,104,50_20_15_15,full,0,760,0.1,685,true,true
Tox21_NR_ER,similarity_cluster,104,50_20_15_15,full,1,118,0.1,108,true,true
Tox21_NR_ER,similarity_cluster,104,50_20_15_15,selected_floor,0,380,0.1,343,true,true
Tox21_NR_ER,similarity_cluster,104,50_20_15_15,selected_floor,1,59,0.1,54,true,true
Tox21_NR_ER,similarity_cluster,105,50_20_15_15,full,0,759,0.1,684,true,true
Tox21_NR_ER,similarity_cluster,105,50_20_15_15,full,1,119,0.1,108,true,true
Tox21_NR_ER,similarity_cluster,105,50_20_15_15,selected_floor,0,379,0.1,342,true,true
Tox21_NR_ER,similarity_cluster,105,50_20_15_15,selected_floor,1,59,0.1,54,true,true
Tox21_SR_ARE,random_grouped,101,50_10_20_20,full,0,951,0.1,857,true,true
Tox21_SR_ARE,random_grouped,101,50_10_20_20,full,1,169,0.1,153,true,true
Tox21_SR_ARE,random_grouped,101,50_10_20_20,selected_floor,0,475,0.1,429,true,true
Tox21_SR_ARE,random_grouped,101,50_10_20_20,selected_floor,1,84,0.1,77,true,true
Tox21_SR_ARE,random_grouped,102,50_10_20_20,full,0,951,0.1,857,true,true
Tox21_SR_ARE,random_grouped,102,50_10_20_20,full,1,169,0.1,153,true,true
Tox21_SR_ARE,random_grouped,102,50_10_20_20,selected_floor,0,475,0.1,429,true,true
Tox21_SR_ARE,random_grouped,102,50_10_20_20,selected_floor,1,84,0.1,77,true,true
Tox21_SR_ARE,random_grouped,103,50_10_20_20,full,0,951,0.1,857,true,true
Tox21_SR_ARE,random_grouped,103,50_10_20_20,full,1,169,0.1,153,true,true
Tox21_SR_ARE,random_grouped,103,50_10_20_20,selected_floor,0,475,0.1,429,true,true
Tox21_SR_ARE,random_grouped,103,50_10_20_20,selected_floor,1,84,0.1,77,true,true
Tox21_SR_ARE,random_grouped,104,50_10_20_20,full,0,951,0.1,857,true,true
Tox21_SR_ARE,random_grouped,104,50_10_20_20,full,1,169,0.1,153,true,true
Tox21_SR_ARE,random_grouped,104,50_10_20_20,selected_floor,0,475,0.1,429,true,true
Tox21_SR_ARE,random_grouped,104,50_10_20_20,selected_floor,1,84,0.1,77,true,true
Tox21_SR_ARE,random_grouped,105,50_10_20_20,full,0,951,0.1,857,true,true
Tox21_SR_ARE,random_grouped,105,50_10_20_20,full,1,169,0.1,153,true,true
Tox21_SR_ARE,random_grouped,105,50_10_20_20,selected_floor,0,475,0.1,429,true,true
Tox21_SR_ARE,random_grouped,105,50_10_20_20,selected_floor,1,84,0.1,77,true,true
Tox21_SR_ARE,random_grouped,101,50_15_15_20,full,0,713,0.1,643,true,true
Tox21_SR_ARE,random_grouped,101,50_15_15_20,full,1,127,0.1,116,true,true
Tox21_SR_ARE,random_grouped,101,50_15_15_20,selected_floor,0,356,0.1,322,true,true
Tox21_SR_ARE,random_grouped,101,50_15_15_20,selected_floor,1,63,0.1,58,true,true
Tox21_SR_ARE,random_grouped,102,50_15_15_20,full,0,713,0.1,643,true,true
Tox21_SR_ARE,random_grouped,102,50_15_15_20,full,1,127,0.1,116,true,true
Tox21_SR_ARE,random_grouped,102,50_15_15_20,selected_floor,0,356,0.1,322,true,true
Tox21_SR_ARE,random_grouped,102,50_15_15_20,selected_floor,1,63,0.1,58,true,true
Tox21_SR_ARE,random_grouped,103,50_15_15_20,full,0,713,0.1,643,true,true
Tox21_SR_ARE,random_grouped,103,50_15_15_20,full,1,127,0.1,116,true,true
Tox21_SR_ARE,random_grouped,103,50_15_15_20,selected_floor,0,356,0.1,322,true,true
Tox21_SR_ARE,random_grouped,103,50_15_15_20,selected_floor,1,63,0.1,58,true,true
Tox21_SR_ARE,random_grouped,104,50_15_15_20,full,0,713,0.1,643,true,true
Tox21_SR_ARE,random_grouped,104,50_15_15_20,full,1,127,0.1,116,true,true
Tox21_SR_ARE,random_grouped,104,50_15_15_20,selected_floor,0,356,0.1,322,true,true
Tox21_SR_ARE,random_grouped,104,50_15_15_20,selected_floor,1,63,0.1,58,true,true
Tox21_SR_ARE,random_grouped,105,50_15_15_20,full,0,713,0.1,643,true,true
Tox21_SR_ARE,random_grouped,105,50_15_15_20,full,1,127,0.1,116,true,true
Tox21_SR_ARE,random_grouped,105,50_15_15_20,selected_floor,0,356,0.1,322,true,true
Tox21_SR_ARE,random_grouped,105,50_15_15_20,selected_floor,1,63,0.1,58,true,true
Tox21_SR_ARE,random_grouped,101,55_15_15_15,full,0,713,0.1,643,true,true
Tox21_SR_ARE,random_grouped,101,55_15_15_15,full,1,127,0.1,116,true,true
Tox21_SR_ARE,random_grouped,101,55_15_15_15,selected_floor,0,356,0.1,322,true,true
Tox21_SR_ARE,random_grouped,101,55_15_15_15,selected_floor,1,63,0.1,58,true,true
Tox21_SR_ARE,random_grouped,102,55_15_15_15,full,0,713,0.1,643,true,true
Tox21_SR_ARE,random_grouped,102,55_15_15_15,full,1,127,0.1,116,true,true
Tox21_SR_ARE,random_grouped,102,55_15_15_15,selected_floor,0,356,0.1,322,true,true
Tox21_SR_ARE,random_grouped,102,55_15_15_15,selected_floor,1,63,0.1,58,true,true
Tox21_SR_ARE,random_grouped,103,55_15_15_15,full,0,713,0.1,643,true,true
Tox21_SR_ARE,random_grouped,103,55_15_15_15,full,1,127,0.1,116,true,true
Tox21_SR_ARE,random_grouped,103,55_15_15_15,selected_floor,0,356,0.1,322,true,true
Tox21_SR_ARE,random_grouped,103,55_15_15_15,selected_floor,1,63,0.1,58,true,true
Tox21_SR_ARE,random_grouped,104,55_15_15_15,full,0,713,0.1,643,true,true
Tox21_SR_ARE,random_grouped,104,55_15_15_15,full,1,127,0.1,116,true,true
Tox21_SR_ARE,random_grouped,104,55_15_15_15,selected_floor,0,356,0.1,322,true,true
Tox21_SR_ARE,random_grouped,104,55_15_15_15,selected_floor,1,63,0.1,58,true,true
Tox21_SR_ARE,random_grouped,105,55_15_15_15,full,0,713,0.1,643,true,true
Tox21_SR_ARE,random_grouped,105,55_15_15_15,full,1,127,0.1,116,true,true
Tox21_SR_ARE,random_grouped,105,55_15_15_15,selected_floor,0,356,0.1,322,true,true
Tox21_SR_ARE,random_grouped,105,55_15_15_15,selected_floor,1,63,0.1,58,true,true
Tox21_SR_ARE,random_grouped,101,50_20_15_15,full,0,713,0.1,643,true,true
Tox21_SR_ARE,random_grouped,101,50_20_15_15,full,1,127,0.1,116,true,true
Tox21_SR_ARE,random_grouped,101,50_20_15_15,selected_floor,0,356,0.1,322,true,true
Tox21_SR_ARE,random_grouped,101,50_20_15_15,selected_floor,1,63,0.1,58,true,true
Tox21_SR_ARE,random_grouped,102,50_20_15_15,full,0,713,0.1,643,true,true
Tox21_SR_ARE,random_grouped,102,50_20_15_15,full,1,127,0.1,116,true,true
Tox21_SR_ARE,random_grouped,102,50_20_15_15,selected_floor,0,356,0.1,322,true,true
Tox21_SR_ARE,random_grouped,102,50_20_15_15,selected_floor,1,63,0.1,58,true,true
Tox21_SR_ARE,random_grouped,103,50_20_15_15,full,0,713,0.1,643,true,true
Tox21_SR_ARE,random_grouped,103,50_20_15_15,full,1,127,0.1,116,true,true
Tox21_SR_ARE,random_grouped,103,50_20_15_15,selected_floor,0,356,0.1,322,true,true
Tox21_SR_ARE,random_grouped,103,50_20_15_15,selected_floor,1,63,0.1,58,true,true
Tox21_SR_ARE,random_grouped,104,50_20_15_15,full,0,713,0.1,643,true,true
Tox21_SR_ARE,random_grouped,104,50_20_15_15,full,1,127,0.1,116,true,true
Tox21_SR_ARE,random_grouped,104,50_20_15_15,selected_floor,0,356,0.1,322,true,true
Tox21_SR_ARE,random_grouped,104,50_20_15_15,selected_floor,1,63,0.1,58,true,true
Tox21_SR_ARE,random_grouped,105,50_20_15_15,full,0,713,0.1,643,true,true
Tox21_SR_ARE,random_grouped,105,50_20_15_15,full,1,127,0.1,116,true,true
Tox21_SR_ARE,random_grouped,105,50_20_15_15,selected_floor,0,356,0.1,322,true,true
Tox21_SR_ARE,random_grouped,105,50_20_15_15,selected_floor,1,63,0.1,58,true,true
Tox21_SR_ARE,strict_scaffold,101,50_10_20_20,full,0,1065,0.1,960,true,true
Tox21_SR_ARE,strict_scaffold,101,50_10_20_20,full,1,131,0.1,119,true,true
Tox21_SR_ARE,strict_scaffold,101,50_10_20_20,selected_floor,0,532,0.1,480,true,true
Tox21_SR_ARE,strict_scaffold,101,50_10_20_20,selected_floor,1,65,0.1,60,true,true
Tox21_SR_ARE,strict_scaffold,102,50_10_20_20,full,0,1065,0.1,960,true,true
Tox21_SR_ARE,strict_scaffold,102,50_10_20_20,full,1,131,0.1,119,true,true
Tox21_SR_ARE,strict_scaffold,102,50_10_20_20,selected_floor,0,532,0.1,480,true,true
Tox21_SR_ARE,strict_scaffold,102,50_10_20_20,selected_floor,1,65,0.1,60,true,true
Tox21_SR_ARE,strict_scaffold,103,50_10_20_20,full,0,1065,0.1,960,true,true
Tox21_SR_ARE,strict_scaffold,103,50_10_20_20,full,1,131,0.1,119,true,true
Tox21_SR_ARE,strict_scaffold,103,50_10_20_20,selected_floor,0,532,0.1,480,true,true
Tox21_SR_ARE,strict_scaffold,103,50_10_20_20,selected_floor,1,65,0.1,60,true,true
Tox21_SR_ARE,strict_scaffold,104,50_10_20_20,full,0,1065,0.1,960,true,true
Tox21_SR_ARE,strict_scaffold,104,50_10_20_20,full,1,131,0.1,119,true,true
Tox21_SR_ARE,strict_scaffold,104,50_10_20_20,selected_floor,0,532,0.1,480,true,true
Tox21_SR_ARE,strict_scaffold,104,50_10_20_20,selected_floor,1,65,0.1,60,true,true
Tox21_SR_ARE,strict_scaffold,105,50_10_20_20,full,0,1065,0.1,960,true,true
Tox21_SR_ARE,strict_scaffold,105,50_10_20_20,full,1,131,0.1,119,true,true
Tox21_SR_ARE,strict_scaffold,105,50_10_20_20,selected_floor,0,532,0.1,480,true,true
Tox21_SR_ARE,strict_scaffold,105,50_10_20_20,selected_floor,1,65,0.1,60,true,true
Tox21_SR_ARE,strict_scaffold,101,50_15_15_20,full,0,687,0.1,620,true,true
Tox21_SR_ARE,strict_scaffold,101,50_15_15_20,full,1,147,0.1,134,true,true
Tox21_SR_ARE,strict_scaffold,101,50_15_15_20,selected_floor,0,343,0.1,310,true,true
Tox21_SR_ARE,strict_scaffold,101,50_15_15_20,selected_floor,1,73,0.1,67,true,true
Tox21_SR_ARE,strict_scaffold,102,50_15_15_20,full,0,694,0.1,626,true,true
Tox21_SR_ARE,strict_scaffold,102,50_15_15_20,full,1,140,0.1,127,true,true
Tox21_SR_ARE,strict_scaffold,102,50_15_15_20,selected_floor,0,347,0.1,314,true,true
Tox21_SR_ARE,strict_scaffold,102,50_15_15_20,selected_floor,1,70,0.1,64,true,true
Tox21_SR_ARE,strict_scaffold,103,50_15_15_20,full,0,704,0.1,635,true,true
Tox21_SR_ARE,strict_scaffold,103,50_15_15_20,full,1,130,0.1,118,true,true
Tox21_SR_ARE,strict_scaffold,103,50_15_15_20,selected_floor,0,352,0.1,318,true,true
Tox21_SR_ARE,strict_scaffold,103,50_15_15_20,selected_floor,1,65,0.1,60,true,true
Tox21_SR_ARE,strict_scaffold,104,50_15_15_20,full,0,698,0.1,630,true,true
Tox21_SR_ARE,strict_scaffold,104,50_15_15_20,full,1,136,0.1,124,true,true
Tox21_SR_ARE,strict_scaffold,104,50_15_15_20,selected_floor,0,349,0.1,315,true,true
Tox21_SR_ARE,strict_scaffold,104,50_15_15_20,selected_floor,1,68,0.1,63,true,true
Tox21_SR_ARE,strict_scaffold,105,50_15_15_20,full,0,709,0.1,639,true,true
Tox21_SR_ARE,strict_scaffold,105,50_15_15_20,full,1,125,0.1,114,true,true
Tox21_SR_ARE,strict_scaffold,105,50_15_15_20,selected_floor,0,354,0.1,320,true,true
Tox21_SR_ARE,strict_scaffold,105,50_15_15_20,selected_floor,1,62,0.1,57,true,true
Tox21_SR_ARE,strict_scaffold,101,55_15_15_15,full,0,674,0.1,608,true,true
Tox21_SR_ARE,strict_scaffold,101,55_15_15_15,full,1,143,0.1,130,true,true
Tox21_SR_ARE,strict_scaffold,101,55_15_15_15,selected_floor,0,337,0.1,305,true,true
Tox21_SR_ARE,strict_scaffold,101,55_15_15_15,selected_floor,1,71,0.1,65,true,true
Tox21_SR_ARE,strict_scaffold,102,55_15_15_15,full,0,677,0.1,611,true,true
Tox21_SR_ARE,strict_scaffold,102,55_15_15_15,full,1,140,0.1,127,true,true
Tox21_SR_ARE,strict_scaffold,102,55_15_15_15,selected_floor,0,338,0.1,306,true,true
Tox21_SR_ARE,strict_scaffold,102,55_15_15_15,selected_floor,1,70,0.1,64,true,true
Tox21_SR_ARE,strict_scaffold,103,55_15_15_15,full,0,667,0.1,602,true,true
Tox21_SR_ARE,strict_scaffold,103,55_15_15_15,full,1,150,0.1,136,true,true
Tox21_SR_ARE,strict_scaffold,103,55_15_15_15,selected_floor,0,333,0.1,301,true,true
Tox21_SR_ARE,strict_scaffold,103,55_15_15_15,selected_floor,1,75,0.1,69,true,true
Tox21_SR_ARE,strict_scaffold,104,55_15_15_15,full,0,674,0.1,608,true,true
Tox21_SR_ARE,strict_scaffold,104,55_15_15_15,full,1,143,0.1,130,true,true
Tox21_SR_ARE,strict_scaffold,104,55_15_15_15,selected_floor,0,337,0.1,305,true,true
Tox21_SR_ARE,strict_scaffold,104,55_15_15_15,selected_floor,1,71,0.1,65,true,true
Tox21_SR_ARE,strict_scaffold,105,55_15_15_15,full,0,685,0.1,618,true,true
Tox21_SR_ARE,strict_scaffold,105,55_15_15_15,full,1,132,0.1,120,true,true
Tox21_SR_ARE,strict_scaffold,105,55_15_15_15,selected_floor,0,342,0.1,309,true,true
Tox21_SR_ARE,strict_scaffold,105,55_15_15_15,selected_floor,1,66,0.1,61,true,true
Tox21_SR_ARE,strict_scaffold,101,50_20_15_15,full,0,701,0.1,632,true,true
Tox21_SR_ARE,strict_scaffold,101,50_20_15_15,full,1,133,0.1,121,true,true
Tox21_SR_ARE,strict_scaffold,101,50_20_15_15,selected_floor,0,350,0.1,316,true,true
Tox21_SR_ARE,strict_scaffold,101,50_20_15_15,selected_floor,1,66,0.1,61,true,true
Tox21_SR_ARE,strict_scaffold,102,50_20_15_15,full,0,687,0.1,620,true,true
Tox21_SR_ARE,strict_scaffold,102,50_20_15_15,full,1,147,0.1,134,true,true
Tox21_SR_ARE,strict_scaffold,102,50_20_15_15,selected_floor,0,343,0.1,310,true,true
Tox21_SR_ARE,strict_scaffold,102,50_20_15_15,selected_floor,1,73,0.1,67,true,true
Tox21_SR_ARE,strict_scaffold,103,50_20_15_15,full,0,669,0.1,603,true,true
Tox21_SR_ARE,strict_scaffold,103,50_20_15_15,full,1,165,0.1,150,true,true
Tox21_SR_ARE,strict_scaffold,103,50_20_15_15,selected_floor,0,334,0.1,302,true,true
Tox21_SR_ARE,strict_scaffold,103,50_20_15_15,selected_floor,1,82,0.1,75,true,true
Tox21_SR_ARE,strict_scaffold,104,50_20_15_15,full,0,697,0.1,629,true,true
Tox21_SR_ARE,strict_scaffold,104,50_20_15_15,full,1,137,0.1,125,true,true
Tox21_SR_ARE,strict_scaffold,104,50_20_15_15,selected_floor,0,348,0.1,315,true,true
Tox21_SR_ARE,strict_scaffold,104,50_20_15_15,selected_floor,1,68,0.1,63,true,true
Tox21_SR_ARE,strict_scaffold,105,50_20_15_15,full,0,687,0.1,620,true,true
Tox21_SR_ARE,strict_scaffold,105,50_20_15_15,full,1,147,0.1,134,true,true
Tox21_SR_ARE,strict_scaffold,105,50_20_15_15,selected_floor,0,343,0.1,310,true,true
Tox21_SR_ARE,strict_scaffold,105,50_20_15_15,selected_floor,1,73,0.1,67,true,true
Tox21_SR_ARE,similarity_cluster,101,50_10_20_20,full,0,946,0.1,853,true,true
Tox21_SR_ARE,similarity_cluster,101,50_10_20_20,full,1,174,0.1,158,true,true
Tox21_SR_ARE,similarity_cluster,101,50_10_20_20,selected_floor,0,473,0.1,427,true,true
Tox21_SR_ARE,similarity_cluster,101,50_10_20_20,selected_floor,1,87,0.1,80,true,true
Tox21_SR_ARE,similarity_cluster,102,50_10_20_20,full,0,958,0.1,864,true,true
Tox21_SR_ARE,similarity_cluster,102,50_10_20_20,full,1,162,0.1,147,true,true
Tox21_SR_ARE,similarity_cluster,102,50_10_20_20,selected_floor,0,479,0.1,432,true,true
Tox21_SR_ARE,similarity_cluster,102,50_10_20_20,selected_floor,1,81,0.1,74,true,true
Tox21_SR_ARE,similarity_cluster,103,50_10_20_20,full,0,951,0.1,857,true,true
Tox21_SR_ARE,similarity_cluster,103,50_10_20_20,full,1,169,0.1,153,true,true
Tox21_SR_ARE,similarity_cluster,103,50_10_20_20,selected_floor,0,475,0.1,429,true,true
Tox21_SR_ARE,similarity_cluster,103,50_10_20_20,selected_floor,1,84,0.1,77,true,true
Tox21_SR_ARE,similarity_cluster,104,50_10_20_20,full,0,939,0.1,846,true,true
Tox21_SR_ARE,similarity_cluster,104,50_10_20_20,full,1,181,0.1,164,true,true
Tox21_SR_ARE,similarity_cluster,104,50_10_20_20,selected_floor,0,469,0.1,423,true,true
Tox21_SR_ARE,similarity_cluster,104,50_10_20_20,selected_floor,1,90,0.1,82,true,true
Tox21_SR_ARE,similarity_cluster,105,50_10_20_20,full,0,949,0.1,855,true,true
Tox21_SR_ARE,similarity_cluster,105,50_10_20_20,full,1,171,0.1,155,true,true
Tox21_SR_ARE,similarity_cluster,105,50_10_20_20,selected_floor,0,474,0.1,428,true,true
Tox21_SR_ARE,similarity_cluster,105,50_10_20_20,selected_floor,1,85,0.1,78,true,true
Tox21_SR_ARE,similarity_cluster,101,50_15_15_20,full,0,715,0.1,645,true,true
Tox21_SR_ARE,similarity_cluster,101,50_15_15_20,full,1,125,0.1,114,true,true
Tox21_SR_ARE,similarity_cluster,101,50_15_15_20,selected_floor,0,357,0.1,323,true,true
Tox21_SR_ARE,similarity_cluster,101,50_15_15_20,selected_floor,1,62,0.1,57,true,true
Tox21_SR_ARE,similarity_cluster,102,50_15_15_20,full,0,721,0.1,650,true,true
Tox21_SR_ARE,similarity_cluster,102,50_15_15_20,full,1,119,0.1,108,true,true
Tox21_SR_ARE,similarity_cluster,102,50_15_15_20,selected_floor,0,360,0.1,325,true,true
Tox21_SR_ARE,similarity_cluster,102,50_15_15_20,selected_floor,1,59,0.1,54,true,true
Tox21_SR_ARE,similarity_cluster,103,50_15_15_20,full,0,728,0.1,657,true,true
Tox21_SR_ARE,similarity_cluster,103,50_15_15_20,full,1,112,0.1,102,true,true
Tox21_SR_ARE,similarity_cluster,103,50_15_15_20,selected_floor,0,364,0.1,329,true,true
Tox21_SR_ARE,similarity_cluster,103,50_15_15_20,selected_floor,1,56,0.1,52,true,true
Tox21_SR_ARE,similarity_cluster,104,50_15_15_20,full,0,749,0.1,675,true,true
Tox21_SR_ARE,similarity_cluster,104,50_15_15_20,full,1,91,0.1,83,true,true
Tox21_SR_ARE,similarity_cluster,104,50_15_15_20,selected_floor,0,374,0.1,338,true,true
Tox21_SR_ARE,similarity_cluster,104,50_15_15_20,selected_floor,1,45,0.1,42,true,true
Tox21_SR_ARE,similarity_cluster,105,50_15_15_20,full,0,733,0.1,661,true,true
Tox21_SR_ARE,similarity_cluster,105,50_15_15_20,full,1,107,0.1,98,true,true
Tox21_SR_ARE,similarity_cluster,105,50_15_15_20,selected_floor,0,366,0.1,331,true,true
Tox21_SR_ARE,similarity_cluster,105,50_15_15_20,selected_floor,1,53,0.1,49,true,true
Tox21_SR_ARE,similarity_cluster,101,55_15_15_15,full,0,749,0.1,675,true,true
Tox21_SR_ARE,similarity_cluster,101,55_15_15_15,full,1,91,0.1,83,true,true
Tox21_SR_ARE,similarity_cluster,101,55_15_15_15,selected_floor,0,374,0.1,338,true,true
Tox21_SR_ARE,similarity_cluster,101,55_15_15_15,selected_floor,1,45,0.1,42,true,true
Tox21_SR_ARE,similarity_cluster,102,55_15_15_15,full,0,729,0.1,657,true,true
Tox21_SR_ARE,similarity_cluster,102,55_15_15_15,full,1,111,0.1,101,true,true
Tox21_SR_ARE,similarity_cluster,102,55_15_15_15,selected_floor,0,364,0.1,329,true,true
Tox21_SR_ARE,similarity_cluster,102,55_15_15_15,selected_floor,1,55,0.1,51,true,true
Tox21_SR_ARE,similarity_cluster,103,55_15_15_15,full,0,721,0.1,650,true,true
Tox21_SR_ARE,similarity_cluster,103,55_15_15_15,full,1,119,0.1,108,true,true
Tox21_SR_ARE,similarity_cluster,103,55_15_15_15,selected_floor,0,360,0.1,325,true,true
Tox21_SR_ARE,similarity_cluster,103,55_15_15_15,selected_floor,1,59,0.1,54,true,true
Tox21_SR_ARE,similarity_cluster,104,55_15_15_15,full,0,733,0.1,661,true,true
Tox21_SR_ARE,similarity_cluster,104,55_15_15_15,full,1,107,0.1,98,true,true
Tox21_SR_ARE,similarity_cluster,104,55_15_15_15,selected_floor,0,366,0.1,331,true,true
Tox21_SR_ARE,similarity_cluster,104,55_15_15_15,selected_floor,1,53,0.1,49,true,true
Tox21_SR_ARE,similarity_cluster,105,55_15_15_15,full,0,715,0.1,645,true,true
Tox21_SR_ARE,similarity_cluster,105,55_15_15_15,full,1,125,0.1,114,true,true
Tox21_SR_ARE,similarity_cluster,105,55_15_15_15,selected_floor,0,357,0.1,323,true,true
Tox21_SR_ARE,similarity_cluster,105,55_15_15_15,selected_floor,1,62,0.1,57,true,true
Tox21_SR_ARE,similarity_cluster,101,50_20_15_15,full,0,754,0.1,680,true,true
Tox21_SR_ARE,similarity_cluster,101,50_20_15_15,full,1,86,0.1,79,true,true
Tox21_SR_ARE,similarity_cluster,101,50_20_15_15,selected_floor,0,377,0.1,341,true,true
Tox21_SR_ARE,similarity_cluster,101,50_20_15_15,selected_floor,1,43,0.1,40,true,true
Tox21_SR_ARE,similarity_cluster,102,50_20_15_15,full,0,729,0.1,657,true,true
Tox21_SR_ARE,similarity_cluster,102,50_20_15_15,full,1,111,0.1,101,true,true
Tox21_SR_ARE,similarity_cluster,102,50_20_15_15,selected_floor,0,364,0.1,329,true,true
Tox21_SR_ARE,similarity_cluster,102,50_20_15_15,selected_floor,1,55,0.1,51,true,true
Tox21_SR_ARE,similarity_cluster,103,50_20_15_15,full,0,736,0.1,664,true,true
Tox21_SR_ARE,similarity_cluster,103,50_20_15_15,full,1,104,0.1,95,true,true
Tox21_SR_ARE,similarity_cluster,103,50_20_15_15,selected_floor,0,368,0.1,333,true,true
Tox21_SR_ARE,similarity_cluster,103,50_20_15_15,selected_floor,1,52,0.1,48,true,true
Tox21_SR_ARE,similarity_cluster,104,50_20_15_15,full,0,735,0.1,663,true,true
Tox21_SR_ARE,similarity_cluster,104,50_20_15_15,full,1,105,0.1,96,true,true
Tox21_SR_ARE,similarity_cluster,104,50_20_15_15,selected_floor,0,367,0.1,332,true,true
Tox21_SR_ARE,similarity_cluster,104,50_20_15_15,selected_floor,1,52,0.1,48,true,true
Tox21_SR_ARE,similarity_cluster,105,50_20_15_15,full,0,728,0.1,657,true,true
Tox21_SR_ARE,similarity_cluster,105,50_20_15_15,full,1,112,0.1,102,true,true
Tox21_SR_ARE,similarity_cluster,105,50_20_15_15,selected_floor,0,364,0.1,329,true,true
Tox21_SR_ARE,similarity_cluster,105,50_20_15_15,selected_floor,1,56,0.1,52,true,true
Tox21_SR_MMP,random_grouped,101,50_10_20_20,full,0,948,0.1,855,true,true
Tox21_SR_MMP,random_grouped,101,50_10_20_20,full,1,170,0.1,154,true,true
Tox21_SR_MMP,random_grouped,101,50_10_20_20,selected_floor,0,474,0.1,428,true,true
Tox21_SR_MMP,random_grouped,101,50_10_20_20,selected_floor,1,85,0.1,78,true,true
Tox21_SR_MMP,random_grouped,102,50_10_20_20,full,0,948,0.1,855,true,true
Tox21_SR_MMP,random_grouped,102,50_10_20_20,full,1,170,0.1,154,true,true
Tox21_SR_MMP,random_grouped,102,50_10_20_20,selected_floor,0,474,0.1,428,true,true
Tox21_SR_MMP,random_grouped,102,50_10_20_20,selected_floor,1,85,0.1,78,true,true
Tox21_SR_MMP,random_grouped,103,50_10_20_20,full,0,948,0.1,855,true,true
Tox21_SR_MMP,random_grouped,103,50_10_20_20,full,1,170,0.1,154,true,true
Tox21_SR_MMP,random_grouped,103,50_10_20_20,selected_floor,0,474,0.1,428,true,true
Tox21_SR_MMP,random_grouped,103,50_10_20_20,selected_floor,1,85,0.1,78,true,true
Tox21_SR_MMP,random_grouped,104,50_10_20_20,full,0,948,0.1,855,true,true
Tox21_SR_MMP,random_grouped,104,50_10_20_20,full,1,170,0.1,154,true,true
Tox21_SR_MMP,random_grouped,104,50_10_20_20,selected_floor,0,474,0.1,428,true,true
Tox21_SR_MMP,random_grouped,104,50_10_20_20,selected_floor,1,85,0.1,78,true,true
Tox21_SR_MMP,random_grouped,105,50_10_20_20,full,0,948,0.1,855,true,true
Tox21_SR_MMP,random_grouped,105,50_10_20_20,full,1,170,0.1,154,true,true
Tox21_SR_MMP,random_grouped,105,50_10_20_20,selected_floor,0,474,0.1,428,true,true
Tox21_SR_MMP,random_grouped,105,50_10_20_20,selected_floor,1,85,0.1,78,true,true
Tox21_SR_MMP,random_grouped,101,50_15_15_20,full,0,710,0.1,640,true,true
Tox21_SR_MMP,random_grouped,101,50_15_15_20,full,1,128,0.1,117,true,true
Tox21_SR_MMP,random_grouped,101,50_15_15_20,selected_floor,0,355,0.1,321,true,true
Tox21_SR_MMP,random_grouped,101,50_15_15_20,selected_floor,1,64,0.1,59,true,true
Tox21_SR_MMP,random_grouped,102,50_15_15_20,full,0,710,0.1,640,true,true
Tox21_SR_MMP,random_grouped,102,50_15_15_20,full,1,128,0.1,117,true,true
Tox21_SR_MMP,random_grouped,102,50_15_15_20,selected_floor,0,355,0.1,321,true,true
Tox21_SR_MMP,random_grouped,102,50_15_15_20,selected_floor,1,64,0.1,59,true,true
Tox21_SR_MMP,random_grouped,103,50_15_15_20,full,0,710,0.1,640,true,true
Tox21_SR_MMP,random_grouped,103,50_15_15_20,full,1,128,0.1,117,true,true
Tox21_SR_MMP,random_grouped,103,50_15_15_20,selected_floor,0,355,0.1,321,true,true
Tox21_SR_MMP,random_grouped,103,50_15_15_20,selected_floor,1,64,0.1,59,true,true
Tox21_SR_MMP,random_grouped,104,50_15_15_20,full,0,710,0.1,640,true,true
Tox21_SR_MMP,random_grouped,104,50_15_15_20,full,1,128,0.1,117,true,true
Tox21_SR_MMP,random_grouped,104,50_15_15_20,selected_floor,0,355,0.1,321,true,true
Tox21_SR_MMP,random_grouped,104,50_15_15_20,selected_floor,1,64,0.1,59,true,true
Tox21_SR_MMP,random_grouped,105,50_15_15_20,full,0,710,0.1,640,true,true
Tox21_SR_MMP,random_grouped,105,50_15_15_20,full,1,128,0.1,117,true,true
Tox21_SR_MMP,random_grouped,105,50_15_15_20,selected_floor,0,355,0.1,321,true,true
Tox21_SR_MMP,random_grouped,105,50_15_15_20,selected_floor,1,64,0.1,59,true,true
Tox21_SR_MMP,random_grouped,101,55_15_15_15,full,0,710,0.1,640,true,true
Tox21_SR_MMP,random_grouped,101,55_15_15_15,full,1,128,0.1,117,true,true
Tox21_SR_MMP,random_grouped,101,55_15_15_15,selected_floor,0,355,0.1,321,true,true
Tox21_SR_MMP,random_grouped,101,55_15_15_15,selected_floor,1,64,0.1,59,true,true
Tox21_SR_MMP,random_grouped,102,55_15_15_15,full,0,710,0.1,640,true,true
Tox21_SR_MMP,random_grouped,102,55_15_15_15,full,1,128,0.1,117,true,true
Tox21_SR_MMP,random_grouped,102,55_15_15_15,selected_floor,0,355,0.1,321,true,true
Tox21_SR_MMP,random_grouped,102,55_15_15_15,selected_floor,1,64,0.1,59,true,true
Tox21_SR_MMP,random_grouped,103,55_15_15_15,full,0,710,0.1,640,true,true
Tox21_SR_MMP,random_grouped,103,55_15_15_15,full,1,128,0.1,117,true,true
Tox21_SR_MMP,random_grouped,103,55_15_15_15,selected_floor,0,355,0.1,321,true,true
Tox21_SR_MMP,random_grouped,103,55_15_15_15,selected_floor,1,64,0.1,59,true,true
Tox21_SR_MMP,random_grouped,104,55_15_15_15,full,0,710,0.1,640,true,true
Tox21_SR_MMP,random_grouped,104,55_15_15_15,full,1,128,0.1,117,true,true
Tox21_SR_MMP,random_grouped,104,55_15_15_15,selected_floor,0,355,0.1,321,true,true
Tox21_SR_MMP,random_grouped,104,55_15_15_15,selected_floor,1,64,0.1,59,true,true
Tox21_SR_MMP,random_grouped,105,55_15_15_15,full,0,710,0.1,640,true,true
Tox21_SR_MMP,random_grouped,105,55_15_15_15,full,1,128,0.1,117,true,true
Tox21_SR_MMP,random_grouped,105,55_15_15_15,selected_floor,0,355,0.1,321,true,true
Tox21_SR_MMP,random_grouped,105,55_15_15_15,selected_floor,1,64,0.1,59,true,true
Tox21_SR_MMP,random_grouped,101,50_20_15_15,full,0,710,0.1,640,true,true
Tox21_SR_MMP,random_grouped,101,50_20_15_15,full,1,128,0.1,117,true,true
Tox21_SR_MMP,random_grouped,101,50_20_15_15,selected_floor,0,355,0.1,321,true,true
Tox21_SR_MMP,random_grouped,101,50_20_15_15,selected_floor,1,64,0.1,59,true,true
Tox21_SR_MMP,random_grouped,102,50_20_15_15,full,0,710,0.1,640,true,true
Tox21_SR_MMP,random_grouped,102,50_20_15_15,full,1,128,0.1,117,true,true
Tox21_SR_MMP,random_grouped,102,50_20_15_15,selected_floor,0,355,0.1,321,true,true
Tox21_SR_MMP,random_grouped,102,50_20_15_15,selected_floor,1,64,0.1,59,true,true
Tox21_SR_MMP,random_grouped,103,50_20_15_15,full,0,710,0.1,640,true,true
Tox21_SR_MMP,random_grouped,103,50_20_15_15,full,1,128,0.1,117,true,true
Tox21_SR_MMP,random_grouped,103,50_20_15_15,selected_floor,0,355,0.1,321,true,true
Tox21_SR_MMP,random_grouped,103,50_20_15_15,selected_floor,1,64,0.1,59,true,true
Tox21_SR_MMP,random_grouped,104,50_20_15_15,full,0,710,0.1,640,true,true
Tox21_SR_MMP,random_grouped,104,50_20_15_15,full,1,128,0.1,117,true,true
Tox21_SR_MMP,random_grouped,104,50_20_15_15,selected_floor,0,355,0.1,321,true,true
Tox21_SR_MMP,random_grouped,104,50_20_15_15,selected_floor,1,64,0.1,59,true,true
Tox21_SR_MMP,random_grouped,105,50_20_15_15,full,0,710,0.1,640,true,true
Tox21_SR_MMP,random_grouped,105,50_20_15_15,full,1,128,0.1,117,true,true
Tox21_SR_MMP,random_grouped,105,50_20_15_15,selected_floor,0,355,0.1,321,true,true
Tox21_SR_MMP,random_grouped,105,50_20_15_15,selected_floor,1,64,0.1,59,true,true
Tox21_SR_MMP,strict_scaffold,101,50_10_20_20,full,0,955,0.1,861,true,true
Tox21_SR_MMP,strict_scaffold,101,50_10_20_20,full,1,172,0.1,156,true,true
Tox21_SR_MMP,strict_scaffold,101,50_10_20_20,selected_floor,0,477,0.1,431,true,true
Tox21_SR_MMP,strict_scaffold,101,50_10_20_20,selected_floor,1,86,0.1,79,true,true
Tox21_SR_MMP,strict_scaffold,102,50_10_20_20,full,0,955,0.1,861,true,true
Tox21_SR_MMP,strict_scaffold,102,50_10_20_20,full,1,172,0.1,156,true,true
Tox21_SR_MMP,strict_scaffold,102,50_10_20_20,selected_floor,0,477,0.1,431,true,true
Tox21_SR_MMP,strict_scaffold,102,50_10_20_20,selected_floor,1,86,0.1,79,true,true
Tox21_SR_MMP,strict_scaffold,103,50_10_20_20,full,0,955,0.1,861,true,true
Tox21_SR_MMP,strict_scaffold,103,50_10_20_20,full,1,172,0.1,156,true,true
Tox21_SR_MMP,strict_scaffold,103,50_10_20_20,selected_floor,0,477,0.1,431,true,true
Tox21_SR_MMP,strict_scaffold,103,50_10_20_20,selected_floor,1,86,0.1,79,true,true
Tox21_SR_MMP,strict_scaffold,104,50_10_20_20,full,0,955,0.1,861,true,true
Tox21_SR_MMP,strict_scaffold,104,50_10_20_20,full,1,172,0.1,156,true,true
Tox21_SR_MMP,strict_scaffold,104,50_10_20_20,selected_floor,0,477,0.1,431,true,true
Tox21_SR_MMP,strict_scaffold,104,50_10_20_20,selected_floor,1,86,0.1,79,true,true
Tox21_SR_MMP,strict_scaffold,105,50_10_20_20,full,0,955,0.1,861,true,true
Tox21_SR_MMP,strict_scaffold,105,50_10_20_20,full,1,172,0.1,156,true,true
Tox21_SR_MMP,strict_scaffold,105,50_10_20_20,selected_floor,0,477,0.1,431,true,true
Tox21_SR_MMP,strict_scaffold,105,50_10_20_20,selected_floor,1,86,0.1,79,true,true
Tox21_SR_MMP,strict_scaffold,101,50_15_15_20,full,0,684,0.1,617,true,true
Tox21_SR_MMP,strict_scaffold,101,50_15_15_20,full,1,153,0.1,139,true,true
Tox21_SR_MMP,strict_scaffold,101,50_15_15_20,selected_floor,0,342,0.1,309,true,true
Tox21_SR_MMP,strict_scaffold,101,50_15_15_20,selected_floor,1,76,0.1,70,true,true
Tox21_SR_MMP,strict_scaffold,102,50_15_15_20,full,0,676,0.1,610,true,true
Tox21_SR_MMP,strict_scaffold,102,50_15_15_20,full,1,161,0.1,146,true,true
Tox21_SR_MMP,strict_scaffold,102,50_15_15_20,selected_floor,0,338,0.1,306,true,true
Tox21_SR_MMP,strict_scaffold,102,50_15_15_20,selected_floor,1,80,0.1,73,true,true
Tox21_SR_MMP,strict_scaffold,103,50_15_15_20,full,0,693,0.1,625,true,true
Tox21_SR_MMP,strict_scaffold,103,50_15_15_20,full,1,144,0.1,131,true,true
Tox21_SR_MMP,strict_scaffold,103,50_15_15_20,selected_floor,0,346,0.1,313,true,true
Tox21_SR_MMP,strict_scaffold,103,50_15_15_20,selected_floor,1,72,0.1,66,true,true
Tox21_SR_MMP,strict_scaffold,104,50_15_15_20,full,0,660,0.1,595,true,true
Tox21_SR_MMP,strict_scaffold,104,50_15_15_20,full,1,177,0.1,161,true,true
Tox21_SR_MMP,strict_scaffold,104,50_15_15_20,selected_floor,0,330,0.1,298,true,true
Tox21_SR_MMP,strict_scaffold,104,50_15_15_20,selected_floor,1,88,0.1,81,true,true
Tox21_SR_MMP,strict_scaffold,105,50_15_15_20,full,0,675,0.1,609,true,true
Tox21_SR_MMP,strict_scaffold,105,50_15_15_20,full,1,162,0.1,147,true,true
Tox21_SR_MMP,strict_scaffold,105,50_15_15_20,selected_floor,0,337,0.1,305,true,true
Tox21_SR_MMP,strict_scaffold,105,50_15_15_20,selected_floor,1,81,0.1,74,true,true
Tox21_SR_MMP,strict_scaffold,101,55_15_15_15,full,0,666,0.1,601,true,true
Tox21_SR_MMP,strict_scaffold,101,55_15_15_15,full,1,154,0.1,140,true,true
Tox21_SR_MMP,strict_scaffold,101,55_15_15_15,selected_floor,0,333,0.1,301,true,true
Tox21_SR_MMP,strict_scaffold,101,55_15_15_15,selected_floor,1,77,0.1,71,true,true
Tox21_SR_MMP,strict_scaffold,102,55_15_15_15,full,0,683,0.1,616,true,true
Tox21_SR_MMP,strict_scaffold,102,55_15_15_15,full,1,137,0.1,125,true,true
Tox21_SR_MMP,strict_scaffold,102,55_15_15_15,selected_floor,0,341,0.1,308,true,true
Tox21_SR_MMP,strict_scaffold,102,55_15_15_15,selected_floor,1,68,0.1,63,true,true
Tox21_SR_MMP,strict_scaffold,103,55_15_15_15,full,0,671,0.1,605,true,true
Tox21_SR_MMP,strict_scaffold,103,55_15_15_15,full,1,149,0.1,135,true,true
Tox21_SR_MMP,strict_scaffold,103,55_15_15_15,selected_floor,0,335,0.1,303,true,true
Tox21_SR_MMP,strict_scaffold,103,55_15_15_15,selected_floor,1,74,0.1,68,true,true
Tox21_SR_MMP,strict_scaffold,104,55_15_15_15,full,0,691,0.1,623,true,true
Tox21_SR_MMP,strict_scaffold,104,55_15_15_15,full,1,129,0.1,117,true,true
Tox21_SR_MMP,strict_scaffold,104,55_15_15_15,selected_floor,0,345,0.1,312,true,true
Tox21_SR_MMP,strict_scaffold,104,55_15_15_15,selected_floor,1,64,0.1,59,true,true
Tox21_SR_MMP,strict_scaffold,105,55_15_15_15,full,0,677,0.1,611,true,true
Tox21_SR_MMP,strict_scaffold,105,55_15_15_15,full,1,143,0.1,130,true,true
Tox21_SR_MMP,strict_scaffold,105,55_15_15_15,selected_floor,0,338,0.1,306,true,true
Tox21_SR_MMP,strict_scaffold,105,55_15_15_15,selected_floor,1,71,0.1,65,true,true
Tox21_SR_MMP,strict_scaffold,101,50_20_15_15,full,0,694,0.1,626,true,true
Tox21_SR_MMP,strict_scaffold,101,50_20_15_15,full,1,144,0.1,131,true,true
Tox21_SR_MMP,strict_scaffold,101,50_20_15_15,selected_floor,0,347,0.1,314,true,true
Tox21_SR_MMP,strict_scaffold,101,50_20_15_15,selected_floor,1,72,0.1,66,true,true
Tox21_SR_MMP,strict_scaffold,102,50_20_15_15,full,0,688,0.1,621,true,true
Tox21_SR_MMP,strict_scaffold,102,50_20_15_15,full,1,150,0.1,136,true,true
Tox21_SR_MMP,strict_scaffold,102,50_20_15_15,selected_floor,0,344,0.1,311,true,true
Tox21_SR_MMP,strict_scaffold,102,50_20_15_15,selected_floor,1,75,0.1,69,true,true
Tox21_SR_MMP,strict_scaffold,103,50_20_15_15,full,0,665,0.1,600,true,true
Tox21_SR_MMP,strict_scaffold,103,50_20_15_15,full,1,173,0.1,157,true,true
Tox21_SR_MMP,strict_scaffold,103,50_20_15_15,selected_floor,0,332,0.1,300,true,true
Tox21_SR_MMP,strict_scaffold,103,50_20_15_15,selected_floor,1,86,0.1,79,true,true
Tox21_SR_MMP,strict_scaffold,104,50_20_15_15,full,0,707,0.1,638,true,true
Tox21_SR_MMP,strict_scaffold,104,50_20_15_15,full,1,131,0.1,119,true,true
Tox21_SR_MMP,strict_scaffold,104,50_20_15_15,selected_floor,0,353,0.1,319,true,true
Tox21_SR_MMP,strict_scaffold,104,50_20_15_15,selected_floor,1,65,0.1,60,true,true
Tox21_SR_MMP,strict_scaffold,105,50_20_15_15,full,0,679,0.1,612,true,true
Tox21_SR_MMP,strict_scaffold,105,50_20_15_15,full,1,159,0.1,144,true,true
Tox21_SR_MMP,strict_scaffold,105,50_20_15_15,selected_floor,0,339,0.1,306,true,true
Tox21_SR_MMP,strict_scaffold,105,50_20_15_15,selected_floor,1,79,0.1,72,true,true
Tox21_SR_MMP,similarity_cluster,101,50_10_20_20,full,0,964,0.1,869,true,true
Tox21_SR_MMP,similarity_cluster,101,50_10_20_20,full,1,154,0.1,140,true,true
Tox21_SR_MMP,similarity_cluster,101,50_10_20_20,selected_floor,0,482,0.1,435,true,true
Tox21_SR_MMP,similarity_cluster,101,50_10_20_20,selected_floor,1,77,0.1,71,true,true
Tox21_SR_MMP,similarity_cluster,102,50_10_20_20,full,0,939,0.1,846,true,true
Tox21_SR_MMP,similarity_cluster,102,50_10_20_20,full,1,179,0.1,162,true,true
Tox21_SR_MMP,similarity_cluster,102,50_10_20_20,selected_floor,0,469,0.1,423,true,true
Tox21_SR_MMP,similarity_cluster,102,50_10_20_20,selected_floor,1,89,0.1,81,true,true
Tox21_SR_MMP,similarity_cluster,103,50_10_20_20,full,0,945,0.1,852,true,true
Tox21_SR_MMP,similarity_cluster,103,50_10_20_20,full,1,173,0.1,157,true,true
Tox21_SR_MMP,similarity_cluster,103,50_10_20_20,selected_floor,0,472,0.1,426,true,true
Tox21_SR_MMP,similarity_cluster,103,50_10_20_20,selected_floor,1,86,0.1,79,true,true
Tox21_SR_MMP,similarity_cluster,104,50_10_20_20,full,0,935,0.1,843,true,true
Tox21_SR_MMP,similarity_cluster,104,50_10_20_20,full,1,183,0.1,166,true,true
Tox21_SR_MMP,similarity_cluster,104,50_10_20_20,selected_floor,0,467,0.1,422,true,true
Tox21_SR_MMP,similarity_cluster,104,50_10_20_20,selected_floor,1,91,0.1,83,true,true
Tox21_SR_MMP,similarity_cluster,105,50_10_20_20,full,0,925,0.1,834,true,true
Tox21_SR_MMP,similarity_cluster,105,50_10_20_20,full,1,193,0.1,175,true,true
Tox21_SR_MMP,similarity_cluster,105,50_10_20_20,selected_floor,0,462,0.1,417,true,true
Tox21_SR_MMP,similarity_cluster,105,50_10_20_20,selected_floor,1,96,0.1,88,true,true
Tox21_SR_MMP,similarity_cluster,101,50_15_15_20,full,0,723,0.1,652,true,true
Tox21_SR_MMP,similarity_cluster,101,50_15_15_20,full,1,115,0.1,105,true,true
Tox21_SR_MMP,similarity_cluster,101,50_15_15_20,selected_floor,0,361,0.1,326,true,true
Tox21_SR_MMP,similarity_cluster,101,50_15_15_20,selected_floor,1,57,0.1,53,true,true
Tox21_SR_MMP,similarity_cluster,102,50_15_15_20,full,0,738,0.1,666,true,true
Tox21_SR_MMP,similarity_cluster,102,50_15_15_20,full,1,100,0.1,91,true,true
Tox21_SR_MMP,similarity_cluster,102,50_15_15_20,selected_floor,0,369,0.1,333,true,true
Tox21_SR_MMP,similarity_cluster,102,50_15_15_20,selected_floor,1,50,0.1,46,true,true
Tox21_SR_MMP,similarity_cluster,103,50_15_15_20,full,0,725,0.1,654,true,true
Tox21_SR_MMP,similarity_cluster,103,50_15_15_20,full,1,113,0.1,103,true,true
Tox21_SR_MMP,similarity_cluster,103,50_15_15_20,selected_floor,0,362,0.1,327,true,true
Tox21_SR_MMP,similarity_cluster,103,50_15_15_20,selected_floor,1,56,0.1,52,true,true
Tox21_SR_MMP,similarity_cluster,104,50_15_15_20,full,0,721,0.1,650,true,true
Tox21_SR_MMP,similarity_cluster,104,50_15_15_20,full,1,117,0.1,107,true,true
Tox21_SR_MMP,similarity_cluster,104,50_15_15_20,selected_floor,0,360,0.1,325,true,true
Tox21_SR_MMP,similarity_cluster,104,50_15_15_20,selected_floor,1,58,0.1,54,true,true
Tox21_SR_MMP,similarity_cluster,105,50_15_15_20,full,0,689,0.1,621,true,true
Tox21_SR_MMP,similarity_cluster,105,50_15_15_20,full,1,149,0.1,135,true,true
Tox21_SR_MMP,similarity_cluster,105,50_15_15_20,selected_floor,0,344,0.1,311,true,true
Tox21_SR_MMP,similarity_cluster,105,50_15_15_20,selected_floor,1,74,0.1,68,true,true
Tox21_SR_MMP,similarity_cluster,101,55_15_15_15,full,0,717,0.1,647,true,true
Tox21_SR_MMP,similarity_cluster,101,55_15_15_15,full,1,121,0.1,110,true,true
Tox21_SR_MMP,similarity_cluster,101,55_15_15_15,selected_floor,0,358,0.1,324,true,true
Tox21_SR_MMP,similarity_cluster,101,55_15_15_15,selected_floor,1,60,0.1,55,true,true
Tox21_SR_MMP,similarity_cluster,102,55_15_15_15,full,0,722,0.1,651,true,true
Tox21_SR_MMP,similarity_cluster,102,55_15_15_15,full,1,116,0.1,106,true,true
Tox21_SR_MMP,similarity_cluster,102,55_15_15_15,selected_floor,0,361,0.1,326,true,true
Tox21_SR_MMP,similarity_cluster,102,55_15_15_15,selected_floor,1,58,0.1,54,true,true
Tox21_SR_MMP,similarity_cluster,103,55_15_15_15,full,0,709,0.1,639,true,true
Tox21_SR_MMP,similarity_cluster,103,55_15_15_15,full,1,129,0.1,117,true,true
Tox21_SR_MMP,similarity_cluster,103,55_15_15_15,selected_floor,0,354,0.1,320,true,true
Tox21_SR_MMP,similarity_cluster,103,55_15_15_15,selected_floor,1,64,0.1,59,true,true
Tox21_SR_MMP,similarity_cluster,104,55_15_15_15,full,0,733,0.1,661,true,true
Tox21_SR_MMP,similarity_cluster,104,55_15_15_15,full,1,105,0.1,96,true,true
Tox21_SR_MMP,similarity_cluster,104,55_15_15_15,selected_floor,0,366,0.1,331,true,true
Tox21_SR_MMP,similarity_cluster,104,55_15_15_15,selected_floor,1,52,0.1,48,true,true
Tox21_SR_MMP,similarity_cluster,105,55_15_15_15,full,0,719,0.1,648,true,true
Tox21_SR_MMP,similarity_cluster,105,55_15_15_15,full,1,119,0.1,108,true,true
Tox21_SR_MMP,similarity_cluster,105,55_15_15_15,selected_floor,0,359,0.1,324,true,true
Tox21_SR_MMP,similarity_cluster,105,55_15_15_15,selected_floor,1,59,0.1,54,true,true
Tox21_SR_MMP,similarity_cluster,101,50_20_15_15,full,0,725,0.1,654,true,true
Tox21_SR_MMP,similarity_cluster,101,50_20_15_15,full,1,113,0.1,103,true,true
Tox21_SR_MMP,similarity_cluster,101,50_20_15_15,selected_floor,0,362,0.1,327,true,true
Tox21_SR_MMP,similarity_cluster,101,50_20_15_15,selected_floor,1,56,0.1,52,true,true
Tox21_SR_MMP,similarity_cluster,102,50_20_15_15,full,0,717,0.1,647,true,true
Tox21_SR_MMP,similarity_cluster,102,50_20_15_15,full,1,121,0.1,110,true,true
Tox21_SR_MMP,similarity_cluster,102,50_20_15_15,selected_floor,0,358,0.1,324,true,true
Tox21_SR_MMP,similarity_cluster,102,50_20_15_15,selected_floor,1,60,0.1,55,true,true
Tox21_SR_MMP,similarity_cluster,103,50_20_15_15,full,0,706,0.1,637,true,true
Tox21_SR_MMP,similarity_cluster,103,50_20_15_15,full,1,132,0.1,120,true,true
Tox21_SR_MMP,similarity_cluster,103,50_20_15_15,selected_floor,0,353,0.1,319,true,true
Tox21_SR_MMP,similarity_cluster,103,50_20_15_15,selected_floor,1,66,0.1,61,true,true
Tox21_SR_MMP,similarity_cluster,104,50_20_15_15,full,0,715,0.1,645,true,true
Tox21_SR_MMP,similarity_cluster,104,50_20_15_15,full,1,123,0.1,112,true,true
Tox21_SR_MMP,similarity_cluster,104,50_20_15_15,selected_floor,0,357,0.1,323,true,true
Tox21_SR_MMP,similarity_cluster,104,50_20_15_15,selected_floor,1,61,0.1,56,true,true
Tox21_SR_MMP,similarity_cluster,105,50_20_15_15,full,0,729,0.1,657,true,true
Tox21_SR_MMP,similarity_cluster,105,50_20_15_15,full,1,109,0.1,99,true,true
Tox21_SR_MMP,similarity_cluster,105,50_20_15_15,selected_floor,0,364,0.1,329,true,true
Tox21_SR_MMP,similarity_cluster,105,50_20_15_15,selected_floor,1,54,0.1,50,true,true
Tox21_SR_p53,random_grouped,101,50_10_20_20,full,0,1232,0.1,1110,true,true
Tox21_SR_p53,random_grouped,101,50_10_20_20,full,1,78,0.1,72,true,true
Tox21_SR_p53,random_grouped,101,50_10_20_20,selected_floor,0,616,0.1,556,true,true
Tox21_SR_p53,random_grouped,101,50_10_20_20,selected_floor,1,39,0.1,36,true,true
Tox21_SR_p53,random_grouped,102,50_10_20_20,full,0,1232,0.1,1110,true,true
Tox21_SR_p53,random_grouped,102,50_10_20_20,full,1,78,0.1,72,true,true
Tox21_SR_p53,random_grouped,102,50_10_20_20,selected_floor,0,616,0.1,556,true,true
Tox21_SR_p53,random_grouped,102,50_10_20_20,selected_floor,1,39,0.1,36,true,true
Tox21_SR_p53,random_grouped,103,50_10_20_20,full,0,1232,0.1,1110,true,true
Tox21_SR_p53,random_grouped,103,50_10_20_20,full,1,78,0.1,72,true,true
Tox21_SR_p53,random_grouped,103,50_10_20_20,selected_floor,0,616,0.1,556,true,true
Tox21_SR_p53,random_grouped,103,50_10_20_20,selected_floor,1,39,0.1,36,true,true
Tox21_SR_p53,random_grouped,104,50_10_20_20,full,0,1232,0.1,1110,true,true
Tox21_SR_p53,random_grouped,104,50_10_20_20,full,1,78,0.1,72,true,true
Tox21_SR_p53,random_grouped,104,50_10_20_20,selected_floor,0,616,0.1,556,true,true
Tox21_SR_p53,random_grouped,104,50_10_20_20,selected_floor,1,39,0.1,36,true,true
Tox21_SR_p53,random_grouped,105,50_10_20_20,full,0,1232,0.1,1110,true,true
Tox21_SR_p53,random_grouped,105,50_10_20_20,full,1,78,0.1,72,true,true
Tox21_SR_p53,random_grouped,105,50_10_20_20,selected_floor,0,616,0.1,556,true,true
Tox21_SR_p53,random_grouped,105,50_10_20_20,selected_floor,1,39,0.1,36,true,true
Tox21_SR_p53,random_grouped,101,50_15_15_20,full,0,924,0.1,833,true,true
Tox21_SR_p53,random_grouped,101,50_15_15_20,full,1,58,0.1,54,true,true
Tox21_SR_p53,random_grouped,101,50_15_15_20,selected_floor,0,462,0.1,417,true,true
Tox21_SR_p53,random_grouped,101,50_15_15_20,selected_floor,1,29,0.1,27,true,false
Tox21_SR_p53,random_grouped,102,50_15_15_20,full,0,924,0.1,833,true,true
Tox21_SR_p53,random_grouped,102,50_15_15_20,full,1,58,0.1,54,true,true
Tox21_SR_p53,random_grouped,102,50_15_15_20,selected_floor,0,462,0.1,417,true,true
Tox21_SR_p53,random_grouped,102,50_15_15_20,selected_floor,1,29,0.1,27,true,false
Tox21_SR_p53,random_grouped,103,50_15_15_20,full,0,924,0.1,833,true,true
Tox21_SR_p53,random_grouped,103,50_15_15_20,full,1,59,0.1,54,true,true
Tox21_SR_p53,random_grouped,103,50_15_15_20,selected_floor,0,462,0.1,417,true,true
Tox21_SR_p53,random_grouped,103,50_15_15_20,selected_floor,1,29,0.1,27,true,false
Tox21_SR_p53,random_grouped,104,50_15_15_20,full,0,924,0.1,833,true,true
Tox21_SR_p53,random_grouped,104,50_15_15_20,full,1,58,0.1,54,true,true
Tox21_SR_p53,random_grouped,104,50_15_15_20,selected_floor,0,462,0.1,417,true,true
Tox21_SR_p53,random_grouped,104,50_15_15_20,selected_floor,1,29,0.1,27,true,false
Tox21_SR_p53,random_grouped,105,50_15_15_20,full,0,924,0.1,833,true,true
Tox21_SR_p53,random_grouped,105,50_15_15_20,full,1,58,0.1,54,true,true
Tox21_SR_p53,random_grouped,105,50_15_15_20,selected_floor,0,462,0.1,417,true,true
Tox21_SR_p53,random_grouped,105,50_15_15_20,selected_floor,1,29,0.1,27,true,false
Tox21_SR_p53,random_grouped,101,55_15_15_15,full,0,924,0.1,833,true,true
Tox21_SR_p53,random_grouped,101,55_15_15_15,full,1,58,0.1,54,true,true
Tox21_SR_p53,random_grouped,101,55_15_15_15,selected_floor,0,462,0.1,417,true,true
Tox21_SR_p53,random_grouped,101,55_15_15_15,selected_floor,1,29,0.1,27,true,false
Tox21_SR_p53,random_grouped,102,55_15_15_15,full,0,924,0.1,833,true,true
Tox21_SR_p53,random_grouped,102,55_15_15_15,full,1,58,0.1,54,true,true
Tox21_SR_p53,random_grouped,102,55_15_15_15,selected_floor,0,462,0.1,417,true,true
Tox21_SR_p53,random_grouped,102,55_15_15_15,selected_floor,1,29,0.1,27,true,false
Tox21_SR_p53,random_grouped,103,55_15_15_15,full,0,924,0.1,833,true,true
Tox21_SR_p53,random_grouped,103,55_15_15_15,full,1,58,0.1,54,true,true
Tox21_SR_p53,random_grouped,103,55_15_15_15,selected_floor,0,462,0.1,417,true,true
Tox21_SR_p53,random_grouped,103,55_15_15_15,selected_floor,1,29,0.1,27,true,false
Tox21_SR_p53,random_grouped,104,55_15_15_15,full,0,924,0.1,833,true,true
Tox21_SR_p53,random_grouped,104,55_15_15_15,full,1,59,0.1,54,true,true
Tox21_SR_p53,random_grouped,104,55_15_15_15,selected_floor,0,462,0.1,417,true,true
Tox21_SR_p53,random_grouped,104,55_15_15_15,selected_floor,1,29,0.1,27,true,false
Tox21_SR_p53,random_grouped,105,55_15_15_15,full,0,924,0.1,833,true,true
Tox21_SR_p53,random_grouped,105,55_15_15_15,full,1,58,0.1,54,true,true
Tox21_SR_p53,random_grouped,105,55_15_15_15,selected_floor,0,462,0.1,417,true,true
Tox21_SR_p53,random_grouped,105,55_15_15_15,selected_floor,1,29,0.1,27,true,false
Tox21_SR_p53,random_grouped,101,50_20_15_15,full,0,924,0.1,833,true,true
Tox21_SR_p53,random_grouped,101,50_20_15_15,full,1,59,0.1,54,true,true
Tox21_SR_p53,random_grouped,101,50_20_15_15,selected_floor,0,462,0.1,417,true,true
Tox21_SR_p53,random_grouped,101,50_20_15_15,selected_floor,1,29,0.1,27,true,false
Tox21_SR_p53,random_grouped,102,50_20_15_15,full,0,924,0.1,833,true,true
Tox21_SR_p53,random_grouped,102,50_20_15_15,full,1,59,0.1,54,true,true
Tox21_SR_p53,random_grouped,102,50_20_15_15,selected_floor,0,462,0.1,417,true,true
Tox21_SR_p53,random_grouped,102,50_20_15_15,selected_floor,1,29,0.1,27,true,false
Tox21_SR_p53,random_grouped,103,50_20_15_15,full,0,924,0.1,833,true,true
Tox21_SR_p53,random_grouped,103,50_20_15_15,full,1,59,0.1,54,true,true
Tox21_SR_p53,random_grouped,103,50_20_15_15,selected_floor,0,462,0.1,417,true,true
Tox21_SR_p53,random_grouped,103,50_20_15_15,selected_floor,1,29,0.1,27,true,false
Tox21_SR_p53,random_grouped,104,50_20_15_15,full,0,924,0.1,833,true,true
Tox21_SR_p53,random_grouped,104,50_20_15_15,full,1,59,0.1,54,true,true
Tox21_SR_p53,random_grouped,104,50_20_15_15,selected_floor,0,462,0.1,417,true,true
Tox21_SR_p53,random_grouped,104,50_20_15_15,selected_floor,1,29,0.1,27,true,false
Tox21_SR_p53,random_grouped,105,50_20_15_15,full,0,924,0.1,833,true,true
Tox21_SR_p53,random_grouped,105,50_20_15_15,full,1,59,0.1,54,true,true
Tox21_SR_p53,random_grouped,105,50_20_15_15,selected_floor,0,462,0.1,417,true,true
Tox21_SR_p53,random_grouped,105,50_20_15_15,selected_floor,1,29,0.1,27,true,false
Tox21_SR_p53,strict_scaffold,101,50_10_20_20,full,0,1264,0.1,1139,true,true
Tox21_SR_p53,strict_scaffold,101,50_10_20_20,full,1,46,0.1,43,true,true
Tox21_SR_p53,strict_scaffold,101,50_10_20_20,selected_floor,0,632,0.1,570,true,true
Tox21_SR_p53,strict_scaffold,101,50_10_20_20,selected_floor,1,23,0.1,22,true,false
Tox21_SR_p53,strict_scaffold,102,50_10_20_20,full,0,1264,0.1,1139,true,true
Tox21_SR_p53,strict_scaffold,102,50_10_20_20,full,1,46,0.1,43,true,true
Tox21_SR_p53,strict_scaffold,102,50_10_20_20,selected_floor,0,632,0.1,570,true,true
Tox21_SR_p53,strict_scaffold,102,50_10_20_20,selected_floor,1,23,0.1,22,true,false
Tox21_SR_p53,strict_scaffold,103,50_10_20_20,full,0,1264,0.1,1139,true,true
Tox21_SR_p53,strict_scaffold,103,50_10_20_20,full,1,46,0.1,43,true,true
Tox21_SR_p53,strict_scaffold,103,50_10_20_20,selected_floor,0,632,0.1,570,true,true
Tox21_SR_p53,strict_scaffold,103,50_10_20_20,selected_floor,1,23,0.1,22,true,false
Tox21_SR_p53,strict_scaffold,104,50_10_20_20,full,0,1264,0.1,1139,true,true
Tox21_SR_p53,strict_scaffold,104,50_10_20_20,full,1,46,0.1,43,true,true
Tox21_SR_p53,strict_scaffold,104,50_10_20_20,selected_floor,0,632,0.1,570,true,true
Tox21_SR_p53,strict_scaffold,104,50_10_20_20,selected_floor,1,23,0.1,22,true,false
Tox21_SR_p53,strict_scaffold,105,50_10_20_20,full,0,1265,0.1,1140,true,true
Tox21_SR_p53,strict_scaffold,105,50_10_20_20,full,1,45,0.1,42,true,true
Tox21_SR_p53,strict_scaffold,105,50_10_20_20,selected_floor,0,632,0.1,570,true,true
Tox21_SR_p53,strict_scaffold,105,50_10_20_20,selected_floor,1,22,0.1,21,true,false
Tox21_SR_p53,strict_scaffold,101,50_15_15_20,full,0,907,0.1,818,true,true
Tox21_SR_p53,strict_scaffold,101,50_15_15_20,full,1,75,0.1,69,true,true
Tox21_SR_p53,strict_scaffold,101,50_15_15_20,selected_floor,0,453,0.1,409,true,true
Tox21_SR_p53,strict_scaffold,101,50_15_15_20,selected_floor,1,37,0.1,35,true,true
Tox21_SR_p53,strict_scaffold,102,50_15_15_20,full,0,899,0.1,810,true,true
Tox21_SR_p53,strict_scaffold,102,50_15_15_20,full,1,83,0.1,76,true,true
Tox21_SR_p53,strict_scaffold,102,50_15_15_20,selected_floor,0,449,0.1,405,true,true
Tox21_SR_p53,strict_scaffold,102,50_15_15_20,selected_floor,1,41,0.1,38,true,true
Tox21_SR_p53,strict_scaffold,103,50_15_15_20,full,0,906,0.1,817,true,true
Tox21_SR_p53,strict_scaffold,103,50_15_15_20,full,1,76,0.1,70,true,true
Tox21_SR_p53,strict_scaffold,103,50_15_15_20,selected_floor,0,453,0.1,409,true,true
Tox21_SR_p53,strict_scaffold,103,50_15_15_20,selected_floor,1,38,0.1,36,true,true
Tox21_SR_p53,strict_scaffold,104,50_15_15_20,full,0,922,0.1,831,true,true
Tox21_SR_p53,strict_scaffold,104,50_15_15_20,full,1,60,0.1,55,true,true
Tox21_SR_p53,strict_scaffold,104,50_15_15_20,selected_floor,0,461,0.1,416,true,true
Tox21_SR_p53,strict_scaffold,104,50_15_15_20,selected_floor,1,30,0.1,28,true,false
Tox21_SR_p53,strict_scaffold,105,50_15_15_20,full,0,922,0.1,831,true,true
Tox21_SR_p53,strict_scaffold,105,50_15_15_20,full,1,60,0.1,55,true,true
Tox21_SR_p53,strict_scaffold,105,50_15_15_20,selected_floor,0,461,0.1,416,true,true
Tox21_SR_p53,strict_scaffold,105,50_15_15_20,selected_floor,1,30,0.1,28,true,false
Tox21_SR_p53,strict_scaffold,101,55_15_15_15,full,0,903,0.1,814,true,true
Tox21_SR_p53,strict_scaffold,101,55_15_15_15,full,1,59,0.1,54,true,true
Tox21_SR_p53,strict_scaffold,101,55_15_15_15,selected_floor,0,451,0.1,407,true,true
Tox21_SR_p53,strict_scaffold,101,55_15_15_15,selected_floor,1,29,0.1,27,true,false
Tox21_SR_p53,strict_scaffold,102,55_15_15_15,full,0,900,0.1,811,true,true
Tox21_SR_p53,strict_scaffold,102,55_15_15_15,full,1,62,0.1,57,true,true
Tox21_SR_p53,strict_scaffold,102,55_15_15_15,selected_floor,0,450,0.1,406,true,true
Tox21_SR_p53,strict_scaffold,102,55_15_15_15,selected_floor,1,31,0.1,29,true,false
Tox21_SR_p53,strict_scaffold,103,55_15_15_15,full,0,909,0.1,819,true,true
Tox21_SR_p53,strict_scaffold,103,55_15_15_15,full,1,53,0.1,49,true,true
Tox21_SR_p53,strict_scaffold,103,55_15_15_15,selected_floor,0,454,0.1,410,true,true
Tox21_SR_p53,strict_scaffold,103,55_15_15_15,selected_floor,1,26,0.1,25,true,false
Tox21_SR_p53,strict_scaffold,104,55_15_15_15,full,0,890,0.1,802,true,true
Tox21_SR_p53,strict_scaffold,104,55_15_15_15,full,1,72,0.1,66,true,true
Tox21_SR_p53,strict_scaffold,104,55_15_15_15,selected_floor,0,445,0.1,402,true,true
Tox21_SR_p53,strict_scaffold,104,55_15_15_15,selected_floor,1,36,0.1,34,true,true
Tox21_SR_p53,strict_scaffold,105,55_15_15_15,full,0,902,0.1,813,true,true
Tox21_SR_p53,strict_scaffold,105,55_15_15_15,full,1,60,0.1,55,true,true
Tox21_SR_p53,strict_scaffold,105,55_15_15_15,selected_floor,0,451,0.1,407,true,true
Tox21_SR_p53,strict_scaffold,105,55_15_15_15,selected_floor,1,30,0.1,28,true,false
Tox21_SR_p53,strict_scaffold,101,50_20_15_15,full,0,914,0.1,824,true,true
Tox21_SR_p53,strict_scaffold,101,50_20_15_15,full,1,68,0.1,63,true,true
Tox21_SR_p53,strict_scaffold,101,50_20_15_15,selected_floor,0,457,0.1,413,true,true
Tox21_SR_p53,strict_scaffold,101,50_20_15_15,selected_floor,1,34,0.1,32,true,false
Tox21_SR_p53,strict_scaffold,102,50_20_15_15,full,0,925,0.1,834,true,true
Tox21_SR_p53,strict_scaffold,102,50_20_15_15,full,1,57,0.1,53,true,true
Tox21_SR_p53,strict_scaffold,102,50_20_15_15,selected_floor,0,462,0.1,417,true,true
Tox21_SR_p53,strict_scaffold,102,50_20_15_15,selected_floor,1,28,0.1,27,true,false
Tox21_SR_p53,strict_scaffold,103,50_20_15_15,full,0,911,0.1,821,true,true
Tox21_SR_p53,strict_scaffold,103,50_20_15_15,full,1,71,0.1,65,true,true
Tox21_SR_p53,strict_scaffold,103,50_20_15_15,selected_floor,0,455,0.1,411,true,true
Tox21_SR_p53,strict_scaffold,103,50_20_15_15,selected_floor,1,35,0.1,33,true,true
Tox21_SR_p53,strict_scaffold,104,50_20_15_15,full,0,922,0.1,831,true,true
Tox21_SR_p53,strict_scaffold,104,50_20_15_15,full,1,60,0.1,55,true,true
Tox21_SR_p53,strict_scaffold,104,50_20_15_15,selected_floor,0,461,0.1,416,true,true
Tox21_SR_p53,strict_scaffold,104,50_20_15_15,selected_floor,1,30,0.1,28,true,false
Tox21_SR_p53,strict_scaffold,105,50_20_15_15,full,0,912,0.1,822,true,true
Tox21_SR_p53,strict_scaffold,105,50_20_15_15,full,1,70,0.1,64,true,true
Tox21_SR_p53,strict_scaffold,105,50_20_15_15,selected_floor,0,456,0.1,412,true,true
Tox21_SR_p53,strict_scaffold,105,50_20_15_15,selected_floor,1,35,0.1,33,true,true
Tox21_SR_p53,similarity_cluster,101,50_10_20_20,full,0,1242,0.1,1119,true,true
Tox21_SR_p53,similarity_cluster,101,50_10_20_20,full,1,68,0.1,63,true,true
Tox21_SR_p53,similarity_cluster,101,50_10_20_20,selected_floor,0,621,0.1,560,true,true
Tox21_SR_p53,similarity_cluster,101,50_10_20_20,selected_floor,1,34,0.1,32,true,false
Tox21_SR_p53,similarity_cluster,102,50_10_20_20,full,0,1227,0.1,1106,true,true
Tox21_SR_p53,similarity_cluster,102,50_10_20_20,full,1,83,0.1,76,true,true
Tox21_SR_p53,similarity_cluster,102,50_10_20_20,selected_floor,0,613,0.1,553,true,true
Tox21_SR_p53,similarity_cluster,102,50_10_20_20,selected_floor,1,41,0.1,38,true,true
Tox21_SR_p53,similarity_cluster,103,50_10_20_20,full,0,1243,0.1,1120,true,true
Tox21_SR_p53,similarity_cluster,103,50_10_20_20,full,1,67,0.1,62,true,true
Tox21_SR_p53,similarity_cluster,103,50_10_20_20,selected_floor,0,621,0.1,560,true,true
Tox21_SR_p53,similarity_cluster,103,50_10_20_20,selected_floor,1,33,0.1,31,true,false
Tox21_SR_p53,similarity_cluster,104,50_10_20_20,full,0,1251,0.1,1127,true,true
Tox21_SR_p53,similarity_cluster,104,50_10_20_20,full,1,59,0.1,54,true,true
Tox21_SR_p53,similarity_cluster,104,50_10_20_20,selected_floor,0,625,0.1,564,true,true
Tox21_SR_p53,similarity_cluster,104,50_10_20_20,selected_floor,1,29,0.1,27,true,false
Tox21_SR_p53,similarity_cluster,105,50_10_20_20,full,0,1230,0.1,1108,true,true
Tox21_SR_p53,similarity_cluster,105,50_10_20_20,full,1,80,0.1,73,true,true
Tox21_SR_p53,similarity_cluster,105,50_10_20_20,selected_floor,0,615,0.1,555,true,true
Tox21_SR_p53,similarity_cluster,105,50_10_20_20,selected_floor,1,40,0.1,37,true,true
Tox21_SR_p53,similarity_cluster,101,50_15_15_20,full,0,940,0.1,847,true,true
Tox21_SR_p53,similarity_cluster,101,50_15_15_20,full,1,42,0.1,39,true,true
Tox21_SR_p53,similarity_cluster,101,50_15_15_20,selected_floor,0,470,0.1,424,true,true
Tox21_SR_p53,similarity_cluster,101,50_15_15_20,selected_floor,1,21,0.1,20,true,false
Tox21_SR_p53,similarity_cluster,102,50_15_15_20,full,0,933,0.1,841,true,true
Tox21_SR_p53,similarity_cluster,102,50_15_15_20,full,1,49,0.1,45,true,true
Tox21_SR_p53,similarity_cluster,102,50_15_15_20,selected_floor,0,466,0.1,421,true,true
Tox21_SR_p53,similarity_cluster,102,50_15_15_20,selected_floor,1,24,0.1,23,true,false
Tox21_SR_p53,similarity_cluster,103,50_15_15_20,full,0,938,0.1,846,true,true
Tox21_SR_p53,similarity_cluster,103,50_15_15_20,full,1,44,0.1,41,true,true
Tox21_SR_p53,similarity_cluster,103,50_15_15_20,selected_floor,0,469,0.1,423,true,true
Tox21_SR_p53,similarity_cluster,103,50_15_15_20,selected_floor,1,22,0.1,21,true,false
Tox21_SR_p53,similarity_cluster,104,50_15_15_20,full,0,942,0.1,849,true,true
Tox21_SR_p53,similarity_cluster,104,50_15_15_20,full,1,40,0.1,37,true,true
Tox21_SR_p53,similarity_cluster,104,50_15_15_20,selected_floor,0,471,0.1,425,true,true
Tox21_SR_p53,similarity_cluster,104,50_15_15_20,selected_floor,1,20,0.1,19,true,false
Tox21_SR_p53,similarity_cluster,105,50_15_15_20,full,0,934,0.1,842,true,true
Tox21_SR_p53,similarity_cluster,105,50_15_15_20,full,1,48,0.1,45,true,true
Tox21_SR_p53,similarity_cluster,105,50_15_15_20,selected_floor,0,467,0.1,422,true,true
Tox21_SR_p53,similarity_cluster,105,50_15_15_20,selected_floor,1,24,0.1,23,true,false
Tox21_SR_p53,similarity_cluster,101,55_15_15_15,full,0,938,0.1,846,true,true
Tox21_SR_p53,similarity_cluster,101,55_15_15_15,full,1,44,0.1,41,true,true
Tox21_SR_p53,similarity_cluster,101,55_15_15_15,selected_floor,0,469,0.1,423,true,true
Tox21_SR_p53,similarity_cluster,101,55_15_15_15,selected_floor,1,22,0.1,21,true,false
Tox21_SR_p53,similarity_cluster,102,55_15_15_15,full,0,938,0.1,846,true,true
Tox21_SR_p53,similarity_cluster,102,55_15_15_15,full,1,44,0.1,41,true,true
Tox21_SR_p53,similarity_cluster,102,55_15_15_15,selected_floor,0,469,0.1,423,true,true
Tox21_SR_p53,similarity_cluster,102,55_15_15_15,selected_floor,1,22,0.1,21,true,false
Tox21_SR_p53,similarity_cluster,103,55_15_15_15,full,0,945,0.1,852,true,true
Tox21_SR_p53,similarity_cluster,103,55_15_15_15,full,1,37,0.1,35,true,true
Tox21_SR_p53,similarity_cluster,103,55_15_15_15,selected_floor,0,472,0.1,426,true,true
Tox21_SR_p53,similarity_cluster,103,55_15_15_15,selected_floor,1,18,0.1,18,true,false
Tox21_SR_p53,similarity_cluster,104,55_15_15_15,full,0,931,0.1,839,true,true
Tox21_SR_p53,similarity_cluster,104,55_15_15_15,full,1,51,0.1,47,true,true
Tox21_SR_p53,similarity_cluster,104,55_15_15_15,selected_floor,0,465,0.1,420,true,true
Tox21_SR_p53,similarity_cluster,104,55_15_15_15,selected_floor,1,25,0.1,24,true,false
Tox21_SR_p53,similarity_cluster,105,55_15_15_15,full,0,933,0.1,841,true,true
Tox21_SR_p53,similarity_cluster,105,55_15_15_15,full,1,49,0.1,45,true,true
Tox21_SR_p53,similarity_cluster,105,55_15_15_15,selected_floor,0,466,0.1,421,true,true
Tox21_SR_p53,similarity_cluster,105,55_15_15_15,selected_floor,1,24,0.1,23,true,false
Tox21_SR_p53,similarity_cluster,101,50_20_15_15,full,0,950,0.1,856,true,true
Tox21_SR_p53,similarity_cluster,101,50_20_15_15,full,1,32,0.1,30,true,false
Tox21_SR_p53,similarity_cluster,101,50_20_15_15,selected_floor,0,475,0.1,429,true,true
Tox21_SR_p53,similarity_cluster,101,50_20_15_15,selected_floor,1,16,0.1,16,true,false
Tox21_SR_p53,similarity_cluster,102,50_20_15_15,full,0,940,0.1,847,true,true
Tox21_SR_p53,similarity_cluster,102,50_20_15_15,full,1,42,0.1,39,true,true
Tox21_SR_p53,similarity_cluster,102,50_20_15_15,selected_floor,0,470,0.1,424,true,true
Tox21_SR_p53,similarity_cluster,102,50_20_15_15,selected_floor,1,21,0.1,20,true,false
Tox21_SR_p53,similarity_cluster,103,50_20_15_15,full,0,933,0.1,841,true,true
Tox21_SR_p53,similarity_cluster,103,50_20_15_15,full,1,49,0.1,45,true,true
Tox21_SR_p53,similarity_cluster,103,50_20_15_15,selected_floor,0,466,0.1,421,true,true
Tox21_SR_p53,similarity_cluster,103,50_20_15_15,selected_floor,1,24,0.1,23,true,false
Tox21_SR_p53,similarity_cluster,104,50_20_15_15,full,0,936,0.1,844,true,true
Tox21_SR_p53,similarity_cluster,104,50_20_15_15,full,1,46,0.1,43,true,true
Tox21_SR_p53,similarity_cluster,104,50_20_15_15,selected_floor,0,468,0.1,423,true,true
Tox21_SR_p53,similarity_cluster,104,50_20_15_15,selected_floor,1,23,0.1,22,true,false
Tox21_SR_p53,similarity_cluster,105,50_20_15_15,full,0,939,0.1,846,true,true
Tox21_SR_p53,similarity_cluster,105,50_20_15_15,full,1,43,0.1,40,true,true
Tox21_SR_p53,similarity_cluster,105,50_20_15_15,selected_floor,0,469,0.1,423,true,true
Tox21_SR_p53,similarity_cluster,105,50_20_15_15,selected_floor,1,21,0.1,20,true,false
