endpoint,track,seed,allocation,true_class,test_n,discordant_rate,discordant_n_rounded,paired_difference_ci_width_under_null
Tox21_NR_AhR,random_grouped,101,50_20_15_15,0,838,0.05,42,0.015842963636896155
Tox21_NR_AhR,random_grouped,101,50_20_15_15,0,838,0.1,84,0.022282960720070962
Tox21_NR_AhR,random_grouped,101,50_20_15_15,0,838,0.2,168,0.031270637950656176
Tox21_NR_AhR,random_grouped,101,50_20_15_15,1,105,0.05,5,0.03812486903995285
Tox21_NR_AhR,random_grouped,101,50_20_15_15,1,105,0.1,10,0.059602661248114565
Tox21_NR_AhR,random_grouped,101,50_20_15_15,1,105,0.2,21,0.08901250696198969
Tox21_NR_AhR,random_grouped,102,50_20_15_15,0,838,0.05,42,0.015842963636896155
Tox21_NR_AhR,random_grouped,102,50_20_15_15,0,838,0.1,84,0.022282960720070962
Tox21_NR_AhR,random_grouped,102,50_20_15_15,0,838,0.2,168,0.031270637950656176
Tox21_NR_AhR,random_grouped,102,50_20_15_15,1,105,0.05,5,0.03812486903995285
Tox21_NR_AhR,random_grouped,102,50_20_15_15,1,105,0.1,10,0.059602661248114565
Tox21_NR_AhR,random_grouped,102,50_20_15_15,1,105,0.2,21,0.08901250696198969
Tox21_NR_AhR,random_grouped,103,50_20_15_15,0,838,0.05,42,0.015842963636896155
Tox21_NR_AhR,random_grouped,103,50_20_15_15,0,838,0.1,84,0.022282960720070962
Tox21_NR_AhR,random_grouped,103,50_20_15_15,0,838,0.2,168,0.031270637950656176
Tox21_NR_AhR,random_grouped,103,50_20_15_15,1,105,0.05,5,0.03812486903995285
Tox21_NR_AhR,random_grouped,103,50_20_15_15,1,105,0.1,10,0.059602661248114565
Tox21_NR_AhR,random_grouped,103,50_20_15_15,1,105,0.2,21,0.08901250696198969
Tox21_NR_AhR,random_grouped,104,50_20_15_15,0,838,0.05,42,0.015842963636896155
Tox21_NR_AhR,random_grouped,104,50_20_15_15,0,838,0.1,84,0.022282960720070962
Tox21_NR_AhR,random_grouped,104,50_20_15_15,0,838,0.2,168,0.031270637950656176
Tox21_NR_AhR,random_grouped,104,50_20_15_15,1,105,0.05,5,0.03812486903995285
Tox21_NR_AhR,random_grouped,104,50_20_15_15,1,105,0.1,10,0.059602661248114565
Tox21_NR_AhR,random_grouped,104,50_20_15_15,1,105,0.2,21,0.08901250696198969
Tox21_NR_AhR,random_grouped,105,50_20_15_15,0,838,0.05,42,0.015842963636896155
Tox21_NR_AhR,random_grouped,105,50_20_15_15,0,838,0.1,84,0.022282960720070962
Tox21_NR_AhR,random_grouped,105,50_20_15_15,0,838,0.2,168,0.031270637950656176
Tox21_NR_AhR,random_grouped,105,50_20_15_15,1,105,0.05,5,0.03812486903995285
Tox21_NR_AhR,random_grouped,105,50_20_15_15,1,105,0.1,10,0.059602661248114565
Tox21_NR_AhR,random_grouped,105,50_20_15_15,1,105,0.2,21,0.08901250696198969
Tox21_NR_AhR,strict_scaffold,101,50_20_15_15,0,792,0.05,40,0.016361836996238936
Tox21_NR_AhR,strict_scaffold,101,50_20_15_15,0,792,0.1,79,0.022877540951723365
Tox21_NR_AhR,strict_scaffold,101,50_20_15_15,0,792,0.2,158,0.03210913217180202
Tox21_NR_AhR,strict_scaffold,101,50_20_15_15,1,151,0.05,8,0.03634301769673558
Tox21_NR_AhR,strict_scaffold,101,50_20_15_15,1,151,0.1,15,0.05180184667582407
Tox21_NR_AhR,strict_scaffold,101,50_20_15_15,1,151,0.2,30,0.07431644270144605
Tox21_NR_AhR,strict_scaffold,102,50_20_15_15,0,824,0.05,41,0.01591628809085403
Tox21_NR_AhR,strict_scaffold,102,50_20_15_15,0,824,0.1,82,0.022395783233992207
Tox21_NR_AhR,strict_scaffold,102,50_20_15_15,0,824,0.2,165,0.03152251854488324
Tox21_NR_AhR,strict_scaffold,102,50_20_15_15,1,119,0.05,6,0.038509184999291575
Tox21_NR_AhR,strict_scaffold,102,50_20_15_15,1,119,0.1,12,0.05829687968283093
Tox21_NR_AhR,strict_scaffold,102,50_20_15_15,1,119,0.2,24,0.08420499636858676
Tox21_NR_AhR,strict_scaffold,103,50_20_15_15,0,816,0.05,41,0.016072330130960443
Tox21_NR_AhR,strict_scaffold,103,50_20_15_15,0,816,0.1,82,0.02261534973628625
Tox21_NR_AhR,strict_scaffold,103,50_20_15_15,0,816,0.2,163,0.03164237037695901
Tox21_NR_AhR,strict_scaffold,103,50_20_15_15,1,127,0.05,6,0.03608340956626533
Tox21_NR_AhR,strict_scaffold,103,50_20_15_15,1,127,0.1,13,0.05695659044936464
Tox21_NR_AhR,strict_scaffold,103,50_20_15_15,1,127,0.2,25,0.08050687910886241
Tox21_NR_AhR,strict_scaffold,104,50_20_15_15,0,813,0.05,41,0.0161316376222186
Tox21_NR_AhR,strict_scaffold,104,50_20_15_15,0,813,0.1,81,0.02256123502827778
Tox21_NR_AhR,strict_scaffold,104,50_20_15_15,0,813,0.2,163,0.03175913189126513
Tox21_NR_AhR,strict_scaffold,104,50_20_15_15,1,130,0.05,6,0.03525071549935152
Tox21_NR_AhR,strict_scaffold,104,50_20_15_15,1,130,0.1,13,0.05564220759284084
Tox21_NR_AhR,strict_scaffold,104,50_20_15_15,1,130,0.2,26,0.08029112822336142
Tox21_NR_AhR,strict_scaffold,105,50_20_15_15,0,764,0.05,38,0.016534077925922333
Tox21_NR_AhR,strict_scaffold,105,50_20_15_15,0,764,0.1,76,0.02327218126026397
Tox21_NR_AhR,strict_scaffold,105,50_20_15_15,0,764,0.2,153,0.032766196442844876
Tox21_NR_AhR,strict_scaffold,105,50_20_15_15,1,179,0.05,9,0.03273163395867983
Tox21_NR_AhR,strict_scaffold,105,50_20_15_15,1,179,0.1,18,0.04822982690377936
Tox21_NR_AhR,strict_scaffold,105,50_20_15_15,1,179,0.2,36,0.06869290748069752
Tox21_NR_AhR,similarity_cluster,101,50_20_15_15,0,864,0.05,43,0.015542801553953678
Tox21_NR_AhR,similarity_cluster,101,50_20_15_15,0,864,0.1,86,0.02186276458856946
Tox21_NR_AhR,similarity_cluster,101,50_20_15_15,0,864,0.2,173,0.030767073055899204
Tox21_NR_AhR,similarity_cluster,101,50_20_15_15,1,79,0.05,4,0.0437887608619197
Tox21_NR_AhR,similarity_cluster,101,50_20_15_15,1,79,0.1,8,0.06946576800262116
Tox21_NR_AhR,similarity_cluster,101,50_20_15_15,1,79,0.2,16,0.1026794485101467
Tox21_NR_AhR,similarity_cluster,102,50_20_15_15,0,864,0.05,43,0.015542801553953678
Tox21_NR_AhR,similarity_cluster,102,50_20_15_15,0,864,0.1,86,0.02186276458856946
Tox21_NR_AhR,similarity_cluster,102,50_20_15_15,0,864,0.2,173,0.030767073055899204
Tox21_NR_AhR,similarity_cluster,102,50_20_15_15,1,79,0.05,4,0.0437887608619197
Tox21_NR_AhR,similarity_cluster,102,50_20_15_15,1,79,0.1,8,0.06946576800262116
Tox21_NR_AhR,similarity_cluster,102,50_20_15_15,1,79,0.2,16,0.1026794485101467
Tox21_NR_AhR,similarity_cluster,103,50_20_15_15,0,856,0.05,43,0.015688061381560724
Tox21_NR_AhR,similarity_cluster,103,50_20_15_15,0,856,0.1,86,0.02206708949126637
Tox21_NR_AhR,similarity_cluster,103,50_20_15_15,0,856,0.2,171,0.030878583851693894
Tox21_NR_AhR,similarity_cluster,103,50_20_15_15,1,87,0.05,4,0.03976220813898455
Tox21_NR_AhR,similarity_cluster,103,50_20_15_15,1,87,0.1,9,0.06734439630578955
Tox21_NR_AhR,similarity_cluster,103,50_20_15_15,1,87,0.2,17,0.09614750817068222
Tox21_NR_AhR,similarity_cluster,104,50_20_15_15,0,868,0.05,43,0.015471175740340988
Tox21_NR_AhR,similarity_cluster,104,50_20_15_15,0,868,0.1,87,0.02188413738008902
Tox21_NR_AhR,similarity_cluster,104,50_20_15_15,0,868,0.2,174,0.030712190479248714
Tox21_NR_AhR,similarity_cluster,104,50_20_15_15,1,75,0.05,4,0.046124161441222084
Tox21_NR_AhR,similarity_cluster,104,50_20_15_15,1,75,0.1,8,0.07317060896276097
Tox21_NR_AhR,similarity_cluster,104,50_20_15_15,1,75,0.2,15,0.10429438464065913
Tox21_NR_AhR,similarity_cluster,105,50_20_15_15,0,844,0.05,42,0.015730335933316325
Tox21_NR_AhR,similarity_cluster,105,50_20_15_15,0,844,0.1,84,0.02212455104670553
Tox21_NR_AhR,similarity_cluster,105,50_20_15_15,0,844,0.2,169,0.031138015381389744
Tox21_NR_AhR,similarity_cluster,105,50_20_15_15,1,99,0.05,5,0.040435467163586356
Tox21_NR_AhR,similarity_cluster,105,50_20_15_15,1,99,0.1,10,0.0632149437480003
Tox21_NR_AhR,similarity_cluster,105,50_20_15_15,1,99,0.2,20,0.09213824260170024
Tox21_NR_ER,random_grouped,101,50_20_15_15,0,784,0.05,39,0.01631717267526149
Tox21_NR_ER,random_grouped,101,50_20_15_15,0,784,0.1,78,0.022968943034584206
Tox21_NR_ER,random_grouped,101,50_20_15_15,0,784,0.2,157,0.03233565042984696
Tox21_NR_ER,random_grouped,101,50_20_15_15,1,94,0.05,5,0.04258628988505372
Tox21_NR_ER,random_grouped,101,50_20_15_15,1,94,0.1,9,0.06232938807025202
Tox21_NR_ER,random_grouped,101,50_20_15_15,1,94,0.2,19,0.09436977861403509
Tox21_NR_ER,random_grouped,102,50_20_15_15,0,784,0.05,39,0.01631717267526149
Tox21_NR_ER,random_grouped,102,50_20_15_15,0,784,0.1,78,0.022968943034584206
Tox21_NR_ER,random_grouped,102,50_20_15_15,0,784,0.2,157,0.03233565042984696
Tox21_NR_ER,random_grouped,102,50_20_15_15,1,94,0.05,5,0.04258628988505372
Tox21_NR_ER,random_grouped,102,50_20_15_15,1,94,0.1,9,0.06232938807025202
Tox21_NR_ER,random_grouped,102,50_20_15_15,1,94,0.2,19,0.09436977861403509
Tox21_NR_ER,random_grouped,103,50_20_15_15,0,784,0.05,39,0.01631717267526149
Tox21_NR_ER,random_grouped,103,50_20_15_15,0,784,0.1,78,0.022968943034584206
Tox21_NR_ER,random_grouped,103,50_20_15_15,0,784,0.2,157,0.03233565042984696
Tox21_NR_ER,random_grouped,103,50_20_15_15,1,94,0.05,5,0.04258628988505372
Tox21_NR_ER,random_grouped,103,50_20_15_15,1,94,0.1,9,0.06232938807025202
Tox21_NR_ER,random_grouped,103,50_20_15_15,1,94,0.2,19,0.09436977861403509
Tox21_NR_ER,random_grouped,104,50_20_15_15,0,784,0.05,39,0.01631717267526149
Tox21_NR_ER,random_grouped,104,50_20_15_15,0,784,0.1,78,0.022968943034584206
Tox21_NR_ER,random_grouped,104,50_20_15_15,0,784,0.2,157,0.03233565042984696
Tox21_NR_ER,random_grouped,104,50_20_15_15,1,94,0.05,5,0.04258628988505372
Tox21_NR_ER,random_grouped,104,50_20_15_15,1,94,0.1,9,0.06232938807025202
Tox21_NR_ER,random_grouped,104,50_20_15_15,1,94,0.2,19,0.09436977861403509
Tox21_NR_ER,random_grouped,105,50_20_15_15,0,784,0.05,39,0.01631717267526149
Tox21_NR_ER,random_grouped,105,50_20_15_15,0,784,0.1,78,0.022968943034584206
Tox21_NR_ER,random_grouped,105,50_20_15_15,0,784,0.2,157,0.03233565042984696
Tox21_NR_ER,random_grouped,105,50_20_15_15,1,94,0.05,5,0.04258628988505372
Tox21_NR_ER,random_grouped,105,50_20_15_15,1,94,0.1,9,0.06232938807025202
Tox21_NR_ER,random_grouped,105,50_20_15_15,1,94,0.2,19,0.09436977861403509
Tox21_NR_ER,strict_scaffold,101,50_20_15_15,0,726,0.05,36,0.016936681045516332
Tox21_NR_ER,strict_scaffold,101,50_20_15_15,0,726,0.1,73,0.02400955513866381
Tox21_NR_ER,strict_scaffold,101,50_20_15_15,0,726,0.2,145,0.0335879457964123
Tox21_NR_ER,strict_scaffold,101,50_20_15_15,1,152,0.05,8,0.03610391889609916
Tox21_NR_ER,strict_scaffold,101,50_20_15_15,1,152,0.1,15,0.05146104505295681
Tox21_NR_ER,strict_scaffold,101,50_20_15_15,1,152,0.2,30,0.07382751873630496
Tox21_NR_ER,strict_scaffold,102,50_20_15_15,0,758,0.05,38,0.016664954532196123
Tox21_NR_ER,strict_scaffold,102,50_20_15_15,0,758,0.1,76,0.02345639377683598
Tox21_NR_ER,strict_scaffold,102,50_20_15_15,0,758,0.2,152,0.03292056030621892
Tox21_NR_ER,strict_scaffold,102,50_20_15_15,1,120,0.05,6,0.038188275124297476
Tox21_NR_ER,strict_scaffold,102,50_20_15_15,1,120,0.1,12,0.05781107235214067
Tox21_NR_ER,strict_scaffold,102,50_20_15_15,1,120,0.2,24,0.0835032880655152
Tox21_NR_ER,strict_scaffold,103,50_20_15_15,0,748,0.05,37,0.0166593527814835
Tox21_NR_ER,strict_scaffold,103,50_20_15_15,0,748,0.1,75,0.02361425711027206
Tox21_NR_ER,strict_scaffold,103,50_20_15_15,0,748,0.2,150,0.033145423678181456
Tox21_NR_ER,strict_scaffold,103,50_20_15_15,1,130,0.05,6,0.03525071549935152
Tox21_NR_ER,strict_scaffold,103,50_20_15_15,1,130,0.1,13,0.05564220759284084
Tox21_NR_ER,strict_scaffold,103,50_20_15_15,1,130,0.2,26,0.08029112822336142
Tox21_NR_ER,strict_scaffold,104,50_20_15_15,0,759,0.05,38,0.01664299807036187
Tox21_NR_ER,strict_scaffold,104,50_20_15_15,0,759,0.1,76,0.023425489437209054
Tox21_NR_ER,strict_scaffold,104,50_20_15_15,0,759,0.2,152,0.032877186708977525
Tox21_NR_ER,strict_scaffold,104,50_20_15_15,1,119,0.05,6,0.038509184999291575
Tox21_NR_ER,strict_scaffold,104,50_20_15_15,1,119,0.1,12,0.05829687968283093
Tox21_NR_ER,strict_scaffold,104,50_20_15_15,1,119,0.2,24,0.08420499636858676
Tox21_NR_ER,strict_scaffold,105,50_20_15_15,0,768,0.05,38,0.01644796293672482
Tox21_NR_ER,strict_scaffold,105,50_20_15_15,0,768,0.1,77,0.02329789006229474
Tox21_NR_ER,strict_scaffold,105,50_20_15_15,0,768,0.2,154,0.03270015082983244
Tox21_NR_ER,strict_scaffold,105,50_20_15_15,1,110,0.05,6,0.041659936499233614
Tox21_NR_ER,strict_scaffold,105,50_20_15_15,1,110,0.1,11,0.059871830827694775
Tox21_NR_ER,strict_scaffold,105,50_20_15_15,1,110,0.2,22,0.08711579162476282
Tox21_NR_ER,similarity_cluster,101,50_20_15_15,0,781,0.05,39,0.016379850675294506
Tox21_NR_ER,similarity_cluster,101,50_20_15_15,0,781,0.1,78,0.023057172009108857
Tox21_NR_ER,similarity_cluster,101,50_20_15_15,0,781,0.2,156,0.032359272234948826
Tox21_NR_ER,similarity_cluster,101,50_20_15_15,1,97,0.05,5,0.041269188136031434
Tox21_NR_ER,similarity_cluster,101,50_20_15_15,1,97,0.1,10,0.06451834465002092
Tox21_NR_ER,similarity_cluster,101,50_20_15_15,1,97,0.2,19,0.09145112566720925
Tox21_NR_ER,similarity_cluster,102,50_20_15_15,0,779,0.05,39,0.016421904207195134
Tox21_NR_ER,similarity_cluster,102,50_20_15_15,0,779,0.1,78,0.023116368856372294
Tox21_NR_ER,similarity_cluster,102,50_20_15_15,0,779,0.2,156,0.032442351239403124
Tox21_NR_ER,similarity_cluster,102,50_20_15_15,1,99,0.05,5,0.040435467163586356
Tox21_NR_ER,similarity_cluster,102,50_20_15_15,1,99,0.1,10,0.0632149437480003
Tox21_NR_ER,similarity_cluster,102,50_20_15_15,1,99,0.2,20,0.09213824260170024
Tox21_NR_ER,similarity_cluster,103,50_20_15_15,0,801,0.05,40,0.01617799613111266
Tox21_NR_ER,similarity_cluster,103,50_20_15_15,0,801,0.1,80,0.022761970863438816
Tox21_NR_ER,similarity_cluster,103,50_20_15_15,0,801,0.2,160,0.031944143571197674
Tox21_NR_ER,similarity_cluster,103,50_20_15_15,1,77,0.05,4,0.04492613127391761
Tox21_NR_ER,similarity_cluster,103,50_20_15_15,1,77,0.1,8,0.07127007366502691
Tox21_NR_ER,similarity_cluster,103,50_20_15_15,1,77,0.2,15,0.10158543958505759
Tox21_NR_ER,similarity_cluster,104,50_20_15_15,0,799,0.05,40,0.016218491740952738
Tox21_NR_ER,similarity_cluster,104,50_20_15_15,0,799,0.1,80,0.02281894701078159
Tox21_NR_ER,similarity_cluster,104,50_20_15_15,0,799,0.2,160,0.03202410388051231
Tox21_NR_ER,similarity_cluster,104,50_20_15_15,1,79,0.05,4,0.0437887608619197
Tox21_NR_ER,similarity_cluster,104,50_20_15_15,1,79,0.1,8,0.06946576800262116
Tox21_NR_ER,similarity_cluster,104,50_20_15_15,1,79,0.2,16,0.1026794485101467
Tox21_NR_ER,similarity_cluster,105,50_20_15_15,0,786,0.05,39,0.016275653151914767
Tox21_NR_ER,similarity_cluster,105,50_20_15_15,0,786,0.1,79,0.023052178668912092
Tox21_NR_ER,similarity_cluster,105,50_20_15_15,0,786,0.2,157,0.032253371421119614
Tox21_NR_ER,similarity_cluster,105,50_20_15_15,1,92,0.05,5,0.04351207879559836
Tox21_NR_ER,similarity_cluster,105,50_20_15_15,1,92,0.1,9,0.06368437476743141
Tox21_NR_ER,similarity_cluster,105,50_20_15_15,1,92,0.2,18,0.0938384675627881
Tox21_SR_ARE,random_grouped,101,50_20_15_15,0,713,0.05,36,0.01724548448673893
Tox21_SR_ARE,random_grouped,101,50_20_15_15,0,713,0.1,71,0.024116491864290674
Tox21_SR_ARE,random_grouped,101,50_20_15_15,0,713,0.2,143,0.033968979241710065
Tox21_SR_ARE,random_grouped,101,50_20_15_15,1,127,0.05,6,0.03608340956626533
Tox21_SR_ARE,random_grouped,101,50_20_15_15,1,127,0.1,13,0.05695659044936464
Tox21_SR_ARE,random_grouped,101,50_20_15_15,1,127,0.2,25,0.08050687910886241
Tox21_SR_ARE,random_grouped,102,50_20_15_15,0,713,0.05,36,0.01724548448673893
Tox21_SR_ARE,random_grouped,102,50_20_15_15,0,713,0.1,71,0.024116491864290674
Tox21_SR_ARE,random_grouped,102,50_20_15_15,0,713,0.2,143,0.033968979241710065
Tox21_SR_ARE,random_grouped,102,50_20_15_15,1,127,0.05,6,0.03608340956626533
Tox21_SR_ARE,random_grouped,102,50_20_15_15,1,127,0.1,13,0.05695659044936464
Tox21_SR_ARE,random_grouped,102,50_20_15_15,1,127,0.2,25,0.08050687910886241
Tox21_SR_ARE,random_grouped,103,50_20_15_15,0,713,0.05,36,0.01724548448673893
Tox21_SR_ARE,random_grouped,103,50_20_15_15,0,713,0.1,71,0.024116491864290674
Tox21_SR_ARE,random_grouped,103,50_20_15_15,0,713,0.2,143,0.033968979241710065
Tox21_SR_ARE,random_grouped,103,50_20_15_15,1,127,0.05,6,0.03608340956626533
Tox21_SR_ARE,random_grouped,103,50_20_15_15,1,127,0.1,13,0.05695659044936464
Tox21_SR_ARE,random_grouped,103,50_20_15_15,1,127,0.2,25,0.08050687910886241
Tox21_SR_ARE,random_grouped,104,50_20_15_15,0,713,0.05,36,0.01724548448673893
Tox21_SR_ARE,random_grouped,104,50_20_15_15,0,713,0.1,71,0.024116491864290674
Tox21_SR_ARE,random_grouped,104,50_20_15_15,0,713,0.2,143,0.033968979241710065
Tox21_SR_ARE,random_grouped,104,50_20_15_15,1,127,0.05,6,0.03608340956626533
Tox21_SR_ARE,random_grouped,104,50_20_15_15,1,127,0.1,13,0.05695659044936464
Tox21_SR_ARE,random_grouped,104,50_20_15_15,1,127,0.2,25,0.08050687910886241
Tox21_SR_ARE,random_grouped,105,50_20_15_15,0,713,0.05,36,0.01724548448673893
Tox21_SR_ARE,random_grouped,105,50_20_15_15,0,713,0.1,71,0.024116491864290674
Tox21_SR_ARE,random_grouped,105,50_20_15_15,0,713,0.2,143,0.033968979241710065
Tox21_SR_ARE,random_grouped,105,50_20_15_15,1,127,0.05,6,0.03608340956626533
Tox21_SR_ARE,random_grouped,105,50_20_15_15,1,127,0.1,13,0.05695659044936464
Tox21_SR_ARE,random_grouped,105,50_20_15_15,1,127,0.2,25,0.08050687910886241
Tox21_SR_ARE,strict_scaffold,101,50_20_15_15,0,686,0.05,34,0.017419372650947777
Tox21_SR_ARE,strict_scaffold,101,50_20_15_15,0,686,0.1,69,0.024716734690559867
Tox21_SR_ARE,strict_scaffold,101,50_20_15_15,0,686,0.2,137,0.03457402765753637
Tox21_SR_ARE,strict_scaffold,101,50_20_15_15,1,148,0.05,7,0.03391027755014773
Tox21_SR_ARE,strict_scaffold,101,50_20_15_15,1,148,0.1,15,0.052851884108442125
Tox21_SR_ARE,strict_scaffold,101,50_20_15_15,1,148,0.2,30,0.07582285708052941
Tox21_SR_ARE,strict_scaffold,102,50_20_15_15,0,689,0.05,34,0.017343526325907365
Tox21_SR_ARE,strict_scaffold,102,50_20_15_15,0,689,0.1,69,0.02460911465562274
Tox21_SR_ARE,strict_scaffold,102,50_20_15_15,0,689,0.2,138,0.034546921747505774
Tox21_SR_ARE,strict_scaffold,102,50_20_15_15,1,145,0.05,7,0.03461186949946113
Tox21_SR_ARE,strict_scaffold,102,50_20_15_15,1,145,0.1,14,0.05206830923761554
Tox21_SR_ARE,strict_scaffold,102,50_20_15_15,1,145,0.2,29,0.0760398841373405
Tox21_SR_ARE,strict_scaffold,103,50_20_15_15,0,701,0.05,35,0.017289304762910785
Tox21_SR_ARE,strict_scaffold,103,50_20_15_15,0,701,0.1,70,0.02436152839122746
Tox21_SR_ARE,strict_scaffold,103,50_20_15_15,0,701,0.2,140,0.03419513300467759
Tox21_SR_ARE,strict_scaffold,103,50_20_15_15,1,133,0.05,7,0.03773474494302153
Tox21_SR_ARE,strict_scaffold,103,50_20_15_15,1,133,0.1,13,0.05438712020352864
Tox21_SR_ARE,strict_scaffold,103,50_20_15_15,1,133,0.2,27,0.07995063499876896
Tox21_SR_ARE,strict_scaffold,104,50_20_15_15,0,693,0.05,35,0.017488892696681763
Tox21_SR_ARE,strict_scaffold,104,50_20_15_15,0,693,0.1,69,0.024467070703786536
Tox21_SR_ARE,strict_scaffold,104,50_20_15_15,0,693,0.2,139,0.03446807455297394
Tox21_SR_ARE,strict_scaffold,104,50_20_15_15,1,141,0.05,7,0.03559376650653804
Tox21_SR_ARE,strict_scaffold,104,50_20_15_15,1,141,0.1,14,0.05354542439329258
Tox21_SR_ARE,strict_scaffold,104,50_20_15_15,1,141,0.2,28,0.07686259683822831
Tox21_SR_ARE,strict_scaffold,105,50_20_15_15,0,701,0.05,35,0.017289304762910785
Tox21_SR_ARE,strict_scaffold,105,50_20_15_15,0,701,0.1,70,0.02436152839122746
Tox21_SR_ARE,strict_scaffold,105,50_20_15_15,0,701,0.2,140,0.03419513300467759
Tox21_SR_ARE,strict_scaffold,105,50_20_15_15,1,133,0.05,7,0.03773474494302153
Tox21_SR_ARE,strict_scaffold,105,50_20_15_15,1,133,0.1,13,0.05438712020352864
Tox21_SR_ARE,strict_scaffold,105,50_20_15_15,1,133,0.2,27,0.07995063499876896
Tox21_SR_ARE,similarity_cluster,101,50_20_15_15,0,716,0.05,36,0.01717322687017438
Tox21_SR_ARE,similarity_cluster,101,50_20_15_15,0,716,0.1,72,0.024182926367319876
Tox21_SR_ARE,similarity_cluster,101,50_20_15_15,0,716,0.2,143,0.03382665111639564
Tox21_SR_ARE,similarity_cluster,101,50_20_15_15,1,124,0.05,6,0.0369563952815782
Tox21_SR_ARE,similarity_cluster,101,50_20_15_15,1,124,0.1,12,0.05594619905045871
Tox21_SR_ARE,similarity_cluster,101,50_20_15_15,1,124,0.2,25,0.08245462618407683
Tox21_SR_ARE,similarity_cluster,102,50_20_15_15,0,719,0.05,36,0.017101572237892708
Tox21_SR_ARE,similarity_cluster,102,50_20_15_15,0,719,0.1,72,0.02408202403199031
Tox21_SR_ARE,similarity_cluster,102,50_20_15_15,0,719,0.2,144,0.033801208661435704
Tox21_SR_ARE,similarity_cluster,102,50_20_15_15,1,121,0.05,6,0.03787266954475783
Tox21_SR_ARE,similarity_cluster,102,50_20_15_15,1,121,0.1,12,0.05733329489468496
Tox21_SR_ARE,similarity_cluster,102,50_20_15_15,1,121,0.2,24,0.08281317824679194
Tox21_SR_ARE,similarity_cluster,103,50_20_15_15,0,725,0.05,36,0.016960041984889457
Tox21_SR_ARE,similarity_cluster,103,50_20_15_15,0,725,0.1,72,0.023882724522760045
Tox21_SR_ARE,similarity_cluster,103,50_20_15_15,0,725,0.2,145,0.0336342739975108
Tox21_SR_ARE,similarity_cluster,103,50_20_15_15,1,115,0.05,6,0.03984863491231041
Tox21_SR_ARE,similarity_cluster,103,50_20_15_15,1,115,0.1,12,0.06032459723701635
Tox21_SR_ARE,similarity_cluster,103,50_20_15_15,1,115,0.2,23,0.0851851624666145
Tox21_SR_ARE,similarity_cluster,104,50_20_15_15,0,743,0.05,37,0.016771461481224305
Tox21_SR_ARE,similarity_cluster,104,50_20_15_15,0,743,0.1,74,0.023619245071485436
Tox21_SR_ARE,similarity_cluster,104,50_20_15_15,0,743,0.2,149,0.033258859418463016
Tox21_SR_ARE,similarity_cluster,104,50_20_15_15,1,97,0.05,5,0.041269188136031434
Tox21_SR_ARE,similarity_cluster,104,50_20_15_15,1,97,0.1,10,0.06451834465002092
Tox21_SR_ARE,similarity_cluster,104,50_20_15_15,1,97,0.2,19,0.09145112566720925
Tox21_SR_ARE,similarity_cluster,105,50_20_15_15,0,736,0.05,37,0.016930972663790296
Tox21_SR_ARE,similarity_cluster,105,50_20_15_15,0,736,0.1,74,0.023843884630589236
Tox21_SR_ARE,similarity_cluster,105,50_20_15_15,0,736,0.2,147,0.03335415409313705
Tox21_SR_ARE,similarity_cluster,105,50_20_15_15,1,104,0.05,5,0.03849145431918317
Tox21_SR_ARE,similarity_cluster,105,50_20_15_15,1,104,0.1,10,0.06017576376011567
Tox21_SR_ARE,similarity_cluster,105,50_20_15_15,1,104,0.2,21,0.08986839645200882
Tox21_SR_MMP,random_grouped,101,50_20_15_15,0,710,0.05,36,0.017318352731049095
Tox21_SR_MMP,random_grouped,101,50_20_15_15,0,710,0.1,71,0.02421839253413979
Tox21_SR_MMP,random_grouped,101,50_20_15_15,0,710,0.2,142,0.03399651566939051
Tox21_SR_MMP,random_grouped,101,50_20_15_15,1,128,0.05,6,0.035801507929028885
Tox21_SR_MMP,random_grouped,101,50_20_15_15,1,128,0.1,13,0.05651161708647898
Tox21_SR_MMP,random_grouped,101,50_20_15_15,1,128,0.2,26,0.08154567710185144
Tox21_SR_MMP,random_grouped,102,50_20_15_15,0,710,0.05,36,0.017318352731049095
Tox21_SR_MMP,random_grouped,102,50_20_15_15,0,710,0.1,71,0.02421839253413979
Tox21_SR_MMP,random_grouped,102,50_20_15_15,0,710,0.2,142,0.03399651566939051
Tox21_SR_MMP,random_grouped,102,50_20_15_15,1,128,0.05,6,0.035801507929028885
Tox21_SR_MMP,random_grouped,102,50_20_15_15,1,128,0.1,13,0.05651161708647898
Tox21_SR_MMP,random_grouped,102,50_20_15_15,1,128,0.2,26,0.08154567710185144
Tox21_SR_MMP,random_grouped,103,50_20_15_15,0,710,0.05,36,0.017318352731049095
Tox21_SR_MMP,random_grouped,103,50_20_15_15,0,710,0.1,71,0.02421839253413979
Tox21_SR_MMP,random_grouped,103,50_20_15_15,0,710,0.2,142,0.03399651566939051
Tox21_SR_MMP,random_grouped,103,50_20_15_15,1,128,0.05,6,0.035801507929028885
Tox21_SR_MMP,random_grouped,103,50_20_15_15,1,128,0.1,13,0.05651161708647898
Tox21_SR_MMP,random_grouped,103,50_20_15_15,1,128,0.2,26,0.08154567710185144
Tox21_SR_MMP,random_grouped,104,50_20_15_15,0,710,0.05,36,0.017318352731049095
Tox21_SR_MMP,random_grouped,104,50_20_15_15,0,710,0.1,71,0.02421839253413979
Tox21_SR_MMP,random_grouped,104,50_20_15_15,0,710,0.2,142,0.03399651566939051
Tox21_SR_MMP,random_grouped,104,50_20_15_15,1,128,0.05,6,0.035801507929028885
Tox21_SR_MMP,random_grouped,104,50_20_15_15,1,128,0.1,13,0.05651161708647898
Tox21_SR_MMP,random_grouped,104,50_20_15_15,1,128,0.2,26,0.08154567710185144
Tox21_SR_MMP,random_grouped,105,50_20_15_15,0,710,0.05,36,0.017318352731049095
Tox21_SR_MMP,random_grouped,105,50_20_15_15,0,710,0.1,71,0.02421839253413979
Tox21_SR_MMP,random_grouped,105,50_20_15_15,0,710,0.2,142,0.03399651566939051
Tox21_SR_MMP,random_grouped,105,50_20_15_15,1,128,0.05,6,0.035801507929028885
Tox21_SR_MMP,random_grouped,105,50_20_15_15,1,128,0.1,13,0.05651161708647898
Tox21_SR_MMP,random_grouped,105,50_20_15_15,1,128,0.2,26,0.08154567710185144
Tox21_SR_MMP,strict_scaffold,101,50_20_15_15,0,680,0.05,34,0.017573072997867905
Tox21_SR_MMP,strict_scaffold,101,50_20_15_15,0,680,0.1,68,0.02475928382182509
Tox21_SR_MMP,strict_scaffold,101,50_20_15_15,0,680,0.2,136,0.03475532560930761
Tox21_SR_MMP,strict_scaffold,101,50_20_15_15,1,157,0.05,8,0.03495411256182849
Tox21_SR_MMP,strict_scaffold,101,50_20_15_15,1,157,0.1,16,0.05166672886816299
Tox21_SR_MMP,strict_scaffold,101,50_20_15_15,1,157,0.2,31,0.07263248193192959
Tox21_SR_MMP,strict_scaffold,102,50_20_15_15,0,677,0.05,34,0.017650944813220347
Tox21_SR_MMP,strict_scaffold,102,50_20_15_15,0,677,0.1,68,0.02486899999828813
Tox21_SR_MMP,strict_scaffold,102,50_20_15_15,0,677,0.2,135,0.034782758176690236
Tox21_SR_MMP,strict_scaffold,102,50_20_15_15,1,160,0.05,8,0.0342987229512942
Tox21_SR_MMP,strict_scaffold,102,50_20_15_15,1,160,0.1,16,0.05069797770188493
Tox21_SR_MMP,strict_scaffold,102,50_20_15_15,1,160,0.2,32,0.07245001430633441
Tox21_SR_MMP,strict_scaffold,103,50_20_15_15,0,694,0.05,35,0.017463692563113056
Tox21_SR_MMP,strict_scaffold,103,50_20_15_15,0,694,0.1,69,0.024431815558680216
Tox21_SR_MMP,strict_scaffold,103,50_20_15_15,0,694,0.2,139,0.03441840873949703
Tox21_SR_MMP,strict_scaffold,103,50_20_15_15,1,143,0.05,7,0.03509595159036268
Tox21_SR_MMP,strict_scaffold,103,50_20_15_15,1,143,0.1,14,0.05279653733884093
Tox21_SR_MMP,strict_scaffold,103,50_20_15_15,1,143,0.2,29,0.07710337902038024
Tox21_SR_MMP,strict_scaffold,104,50_20_15_15,0,652,0.05,33,0.018048372046351985
Tox21_SR_MMP,strict_scaffold,104,50_20_15_15,0,652,0.1,65,0.025254242005713634
Tox21_SR_MMP,strict_scaffold,104,50_20_15_15,0,652,0.2,130,0.03545739107884658
Tox21_SR_MMP,strict_scaffold,104,50_20_15_15,1,185,0.05,9,0.03167006745191184
Tox21_SR_MMP,strict_scaffold,104,50_20_15_15,1,185,0.1,18,0.04666561630149462
Tox21_SR_MMP,strict_scaffold,104,50_20_15_15,1,185,0.2,37,0.06735781557053869
Tox21_SR_MMP,strict_scaffold,105,50_20_15_15,0,683,0.05,34,0.017495885268741105
Tox21_SR_MMP,strict_scaffold,105,50_20_15_15,0,683,0.1,68,0.024650531477073297
Tox21_SR_MMP,strict_scaffold,105,50_20_15_15,0,683,0.2,137,0.03472589015090769
Tox21_SR_MMP,strict_scaffold,105,50_20_15_15,1,154,0.05,8,0.035635036832513456
Tox21_SR_MMP,strict_scaffold,105,50_20_15_15,1,154,0.1,15,0.05079271979252879
Tox21_SR_MMP,strict_scaffold,105,50_20_15_15,1,154,0.2,31,0.07404740041112302
Tox21_SR_MMP,similarity_cluster,101,50_20_15_15,0,723,0.05,36,0.0170069577303525
Tox21_SR_MMP,similarity_cluster,101,50_20_15_15,0,723,0.1,72,0.023948790150762147
Tox21_SR_MMP,similarity_cluster,101,50_20_15_15,0,723,0.2,145,0.03372731486610696
Tox21_SR_MMP,similarity_cluster,101,50_20_15_15,1,115,0.05,6,0.03984863491231041
Tox21_SR_MMP,similarity_cluster,101,50_20_15_15,1,115,0.1,12,0.06032459723701635
Tox21_SR_MMP,similarity_cluster,101,50_20_15_15,1,115,0.2,23,0.0851851624666145
Tox21_SR_MMP,similarity_cluster,102,50_20_15_15,0,737,0.05,37,0.016907999837923553
Tox21_SR_MMP,similarity_cluster,102,50_20_15_15,0,737,0.1,74,0.023811532005581653
Tox21_SR_MMP,similarity_cluster,102,50_20_15_15,0,737,0.2,147,0.033308897439007966
Tox21_SR_MMP,similarity_cluster,102,50_20_15_15,1,101,0.05,5,0.03963476484351534
Tox21_SR_MMP,similarity_cluster,102,50_20_15_15,1,101,0.1,10,0.06196316268368346
Tox21_SR_MMP,similarity_cluster,102,50_20_15_15,1,101,0.2,20,0.09031372294622103
Tox21_SR_MMP,similarity_cluster,103,50_20_15_15,0,730,0.05,36,0.016843877313760077
Tox21_SR_MMP,similarity_cluster,103,50_20_15_15,0,730,0.1,73,0.023877995932424557
Tox21_SR_MMP,similarity_cluster,103,50_20_15_15,0,730,0.2,146,0.03351704423363476
Tox21_SR_MMP,similarity_cluster,103,50_20_15_15,1,108,0.05,5,0.03706584489995416
Tox21_SR_MMP,similarity_cluster,103,50_20_15_15,1,108,0.1,11,0.06098056843561505
Tox21_SR_MMP,similarity_cluster,103,50_20_15_15,1,108,0.2,22,0.0887290470252214
Tox21_SR_MMP,similarity_cluster,104,50_20_15_15,0,722,0.05,36,0.017030513073469332
Tox21_SR_MMP,similarity_cluster,104,50_20_15_15,0,722,0.1,72,0.023981960220223038
Tox21_SR_MMP,similarity_cluster,104,50_20_15_15,0,722,0.2,144,0.03366076042600037
Tox21_SR_MMP,similarity_cluster,104,50_20_15_15,1,116,0.05,6,0.03950511219754911
Tox21_SR_MMP,similarity_cluster,104,50_20_15_15,1,116,0.1,12,0.059804557605662764
Tox21_SR_MMP,similarity_cluster,104,50_20_15_15,1,116,0.2,23,0.08445080761776438
Tox21_SR_MMP,similarity_cluster,105,50_20_15_15,0,691,0.05,35,0.017539511778292997
Tox21_SR_MMP,similarity_cluster,105,50_20_15_15,0,691,0.1,69,0.024537887116822095
Tox21_SR_MMP,similarity_cluster,105,50_20_15_15,0,691,0.2,138,0.03444693065706436
Tox21_SR_MMP,similarity_cluster,105,50_20_15_15,1,147,0.05,7,0.03414095971035282
Tox21_SR_MMP,similarity_cluster,105,50_20_15_15,1,147,0.1,15,0.053211420735030164
Tox21_SR_MMP,similarity_cluster,105,50_20_15_15,1,147,0.2,29,0.07500532789057397
Tox21_SR_p53,random_grouped,101,50_20_15_15,0,924,0.05,46,0.01503083330846221
Tox21_SR_p53,random_grouped,101,50_20_15_15,0,924,0.1,92,0.02112896222514369
Tox21_SR_p53,random_grouped,101,50_20_15_15,0,924,0.2,185,0.029728158329198673
Tox21_SR_p53,random_grouped,101,50_20_15_15,1,58,0.05,3,0.0464119095150073
Tox21_SR_p53,random_grouped,101,50_20_15_15,1,58,0.1,6,0.07901022439509822
Tox21_SR_p53,random_grouped,101,50_20_15_15,1,58,0.2,12,0.11960911521132553
Tox21_SR_p53,random_grouped,102,50_20_15_15,0,924,0.05,46,0.01503083330846221
Tox21_SR_p53,random_grouped,102,50_20_15_15,0,924,0.1,92,0.02112896222514369
Tox21_SR_p53,random_grouped,102,50_20_15_15,0,924,0.2,185,0.029728158329198673
Tox21_SR_p53,random_grouped,102,50_20_15_15,1,58,0.05,3,0.0464119095150073
Tox21_SR_p53,random_grouped,102,50_20_15_15,1,58,0.1,6,0.07901022439509822
Tox21_SR_p53,random_grouped,102,50_20_15_15,1,58,0.2,12,0.11960911521132553
Tox21_SR_p53,random_grouped,103,50_20_15_15,0,924,0.05,46,0.01503083330846221
Tox21_SR_p53,random_grouped,103,50_20_15_15,0,924,0.1,92,0.02112896222514369
Tox21_SR_p53,random_grouped,103,50_20_15_15,0,924,0.2,185,0.029728158329198673
Tox21_SR_p53,random_grouped,103,50_20_15_15,1,58,0.05,3,0.0464119095150073
Tox21_SR_p53,random_grouped,103,50_20_15_15,1,58,0.1,6,0.07901022439509822
Tox21_SR_p53,random_grouped,103,50_20_15_15,1,58,0.2,12,0.11960911521132553
Tox21_SR_p53,random_grouped,104,50_20_15_15,0,924,0.05,46,0.01503083330846221
Tox21_SR_p53,random_grouped,104,50_20_15_15,0,924,0.1,92,0.02112896222514369
Tox21_SR_p53,random_grouped,104,50_20_15_15,0,924,0.2,185,0.029728158329198673
Tox21_SR_p53,random_grouped,104,50_20_15_15,1,58,0.05,3,0.0464119095150073
Tox21_SR_p53,random_grouped,104,50_20_15_15,1,58,0.1,6,0.07901022439509822
Tox21_SR_p53,random_grouped,104,50_20_15_15,1,58,0.2,12,0.11960911521132553
Tox21_SR_p53,random_grouped,105,50_20_15_15,0,924,0.05,46,0.01503083330846221
Tox21_SR_p53,random_grouped,105,50_20_15_15,0,924,0.1,92,0.02112896222514369
Tox21_SR_p53,random_grouped,105,50_20_15_15,0,924,0.2,185,0.029728158329198673
Tox21_SR_p53,random_grouped,105,50_20_15_15,1,58,0.05,3,0.0464119095150073
Tox21_SR_p53,random_grouped,105,50_20_15_15,1,58,0.1,6,0.07901022439509822
Tox21_SR_p53,random_grouped,105,50_20_15_15,1,58,0.2,12,0.11960911521132553
Tox21_SR_p53,strict_scaffold,101,50_20_15_15,0,914,0.05,46,0.01519528443875173
Tox21_SR_p53,strict_scaffold,101,50_20_15_15,0,914,0.1,91,0.021245031671725575
Tox21_SR_p53,strict_scaffold,101,50_20_15_15,0,914,0.2,183,0.029894107859157793
Tox21_SR_p53,strict_scaffold,101,50_20_15_15,1,68,0.05,3,0.03958662870397682
Tox21_SR_p53,strict_scaffold,101,50_20_15_15,1,68,0.1,7,0.07380472172679212
Tox21_SR_p53,strict_scaffold,101,50_20_15_15,1,68,0.2,14,0.1110280123449155
Tox21_SR_p53,strict_scaffold,102,50_20_15_15,0,907,0.05,45,0.015143510437897387
Tox21_SR_p53,strict_scaffold,102,50_20_15_15,0,907,0.1,91,0.02140899553247759
Tox21_SR_p53,strict_scaffold,102,50_20_15_15,0,907,0.2,181,0.02996339569150207
Tox21_SR_p53,strict_scaffold,102,50_20_15_15,1,75,0.05,4,0.046124161441222084
Tox21_SR_p53,strict_scaffold,102,50_20_15_15,1,75,0.1,8,0.07317060896276097
Tox21_SR_p53,strict_scaffold,102,50_20_15_15,1,75,0.2,15,0.10429438464065913
Tox21_SR_p53,strict_scaffold,103,50_20_15_15,0,920,0.05,46,0.015096184757629435
Tox21_SR_p53,strict_scaffold,103,50_20_15_15,0,920,0.1,92,0.021220827278296488
Tox21_SR_p53,strict_scaffold,103,50_20_15_15,0,920,0.2,184,0.029778809025883556
Tox21_SR_p53,strict_scaffold,103,50_20_15_15,1,62,0.05,3,0.04341759277210361
Tox21_SR_p53,strict_scaffold,103,50_20_15_15,1,62,0.1,6,0.0739127905631564
Tox21_SR_p53,strict_scaffold,103,50_20_15_15,1,62,0.2,12,0.11189239810091742
Tox21_SR_p53,strict_scaffold,104,50_20_15_15,0,911,0.05,46,0.015245323794752009
Tox21_SR_p53,strict_scaffold,104,50_20_15_15,0,911,0.1,91,0.021314993356703813
Tox21_SR_p53,strict_scaffold,104,50_20_15_15,0,911,0.2,182,0.02991273670205534
Tox21_SR_p53,strict_scaffold,104,50_20_15_15,1,71,0.05,4,0.04872270574776981
Tox21_SR_p53,strict_scaffold,104,50_20_15_15,1,71,0.1,7,0.07068621235805442
Tox21_SR_p53,strict_scaffold,104,50_20_15_15,1,71,0.2,14,0.10633668787963738
Tox21_SR_p53,strict_scaffold,105,50_20_15_15,0,930,0.05,46,0.014933860190343097
Tox21_SR_p53,strict_scaffold,105,50_20_15_15,0,930,0.1,93,0.021102814851412122
Tox21_SR_p53,strict_scaffold,105,50_20_15_15,0,930,0.2,186,0.029614732663572785
Tox21_SR_p53,strict_scaffold,105,50_20_15_15,1,52,0.05,3,0.05176712984366199
Tox21_SR_p53,strict_scaffold,105,50_20_15_15,1,52,0.1,5,0.07698290863836633
Tox21_SR_p53,strict_scaffold,105,50_20_15_15,1,52,0.2,10,0.12035152752023134
Tox21_SR_p53,similarity_cluster,101,50_20_15_15,0,941,0.05,47,0.014914050577765089
Tox21_SR_p53,similarity_cluster,101,50_20_15_15,0,941,0.1,94,0.02096666139400184
Tox21_SR_p53,similarity_cluster,101,50_20_15_15,0,941,0.2,188,0.029422005848976137
Tox21_SR_p53,similarity_cluster,101,50_20_15_15,1,41,0.05,2,0.04755325686893414
Tox21_SR_p53,similarity_cluster,101,50_20_15_15,1,41,0.1,4,0.084373466051016
Tox21_SR_p53,similarity_cluster,101,50_20_15_15,1,41,0.2,8,0.13384867493187982
Tox21_SR_p53,similarity_cluster,102,50_20_15_15,0,934,0.05,47,0.01502582611742714
Tox21_SR_p53,similarity_cluster,102,50_20_15_15,0,934,0.1,93,0.021012438770678023
Tox21_SR_p53,similarity_cluster,102,50_20_15_15,0,934,0.2,187,0.02956490831704815
Tox21_SR_p53,similarity_cluster,102,50_20_15_15,1,48,0.05,2,0.040618406908881244
Tox21_SR_p53,similarity_cluster,102,50_20_15_15,1,48,0.1,5,0.08339815102489685
Tox21_SR_p53,similarity_cluster,102,50_20_15_15,1,48,0.2,10,0.13038082148025062
Tox21_SR_p53,similarity_cluster,103,50_20_15_15,0,939,0.05,47,0.014945816393692172
Tox21_SR_p53,similarity_cluster,103,50_20_15_15,0,939,0.1,94,0.02101131881976116
Tox21_SR_p53,similarity_cluster,103,50_20_15_15,0,939,0.2,188,0.029484672528100688
Tox21_SR_p53,similarity_cluster,103,50_20_15_15,1,43,0.05,2,0.04534147747968139
Tox21_SR_p53,similarity_cluster,103,50_20_15_15,1,43,0.1,4,0.08044911879282922
Tox21_SR_p53,similarity_cluster,103,50_20_15_15,1,43,0.2,9,0.13625494136287652
Tox21_SR_p53,similarity_cluster,104,50_20_15_15,0,941,0.05,47,0.014914050577765089
Tox21_SR_p53,similarity_cluster,104,50_20_15_15,0,941,0.1,94,0.02096666139400184
Tox21_SR_p53,similarity_cluster,104,50_20_15_15,0,941,0.2,188,0.029422005848976137
Tox21_SR_p53,similarity_cluster,104,50_20_15_15,1,41,0.05,2,0.04755325686893414
Tox21_SR_p53,similarity_cluster,104,50_20_15_15,1,41,0.1,4,0.084373466051016
Tox21_SR_p53,similarity_cluster,104,50_20_15_15,1,41,0.2,8,0.13384867493187982
Tox21_SR_p53,similarity_cluster,105,50_20_15_15,0,934,0.05,47,0.01502582611742714
Tox21_SR_p53,similarity_cluster,105,50_20_15_15,0,934,0.1,93,0.021012438770678023
Tox21_SR_p53,similarity_cluster,105,50_20_15_15,0,934,0.2,187,0.02956490831704815
Tox21_SR_p53,similarity_cluster,105,50_20_15_15,1,48,0.05,2,0.040618406908881244
Tox21_SR_p53,similarity_cluster,105,50_20_15_15,1,48,0.1,5,0.08339815102489685
Tox21_SR_p53,similarity_cluster,105,50_20_15_15,1,48,0.2,10,0.13038082148025062
